date,daily_revenue,transactions,unique_customers,cash_transactions,card_transactions,day_of_week,week_of_year,month,quarter,year,day_of_month,is_weekend,lag_1,lag_7,lag_14,lag_30,rolling_mean_7,rolling_mean_14,rolling_mean_30,rolling_std_7,rolling_std_30,rolling_min_7,rolling_max_7,avg_revenue_per_transaction,avg_revenue_per_customer,card_ratio,cash_ratio,target
2024-03-31,68.7,2,1,1,1,6,13,3,1,2024,31,1,189.9,78.7,68.9,396.3,203.15714285714287,194.29285714285714,232.71666666666667,99.29672463787276,99.35146974368261,78.7,376.7,34.35,68.7,0.5,0.5,242.8
2024-04-01,242.8,7,4,1,6,0,14,4,2,2024,1,0,68.7,223.6,115.6,228.1,201.72857142857146,194.27857142857144,221.79666666666665,101.43462121461482,98.75348787671294,68.7,376.7,34.68571428571429,60.7,0.8571428571428571,0.14285714285714285,136.5
2024-04-02,136.5,4,2,1,3,1,14,4,2,2024,2,0,242.8,376.7,219.9,349.1,204.47142857142856,203.3642857142857,222.2866666666667,102.37979478858308,98.82228819288774,68.7,376.7,34.125,68.25,0.75,0.25,126.5
2024-04-03,126.5,4,2,1,3,2,14,4,2,2024,3,0,136.5,271.7,213.9,135.2,170.15714285714287,197.40714285714287,215.2,70.24347792127178,97.02125611396212,68.7,271.7,31.625,63.25,0.75,0.25,185.0
2024-04-04,185.0,5,4,1,4,3,14,4,2,2024,4,0,126.5,125.4,205.2,338.5,149.41428571428574,191.16428571428574,214.91,55.05755862644806,97.28127845547175,68.7,242.8,37.0,46.25,0.8,0.2,362.1
2024-04-05,362.1,11,6,4,7,4,14,4,2,2024,5,0,185.0,156.10000000000002,189.4,170.2,157.92857142857142,189.72142857142856,209.79333333333335,55.332652032524024,94.5553074180373,68.7,242.8,32.91818181818182,60.35,0.6363636363636364,0.36363636363636365,140.1
2024-04-06,140.1,4,3,0,4,5,14,4,2,2024,6,1,362.1,189.9,285.1,220.1,187.35714285714286,202.05714285714288,216.19000000000003,94.86003473790316,98.20503656583276,68.7,362.1,35.025,46.699999999999996,1.0,0.0,241.5
2024-04-07,241.5,7,4,0,7,6,14,4,2,2024,7,1,140.1,68.7,78.7,265.5,180.24285714285716,191.7,213.52333333333334,96.49096429446746,99.17656036804654,68.7,362.1,34.5,60.375,1.0,0.0,340.2
2024-04-08,340.2,10,8,2,8,0,15,4,2,2024,8,0,241.5,242.8,223.6,479.4,204.92857142857142,203.32857142857142,212.72333333333333,84.56553108459175,98.83905999962359,126.5,362.1,34.019999999999996,42.525,0.8,0.2,186.1
2024-04-09,186.1,5,3,2,3,1,15,4,2,2024,9,0,340.2,136.5,376.7,231.6,218.84285714285716,211.65714285714287,208.08333333333334,98.67187807987406,88.62816584816134,126.5,362.1,37.22,62.03333333333333,0.6,0.4,166.4
2024-04-10,166.4,5,3,2,3,2,15,4,2,2024,10,0,186.1,126.5,271.7,275.2,225.92857142857142,198.04285714285714,206.56666666666666,93.41407307049113,88.60116498546509,126.5,362.1,33.28,55.46666666666667,0.6,0.4,169.0
2024-04-11,169.0,5,4,0,5,3,15,4,2,2024,11,0,166.4,185.0,125.4,228.1,231.62857142857143,190.52142857142857,202.94,87.35684888787516,87.9190599554401,140.1,362.1,33.8,42.25,1.0,0.0,67.6
2024-04-12,67.6,2,2,0,2,4,15,4,2,2024,12,0,169.0,362.1,156.10000000000002,256.2,229.34285714285716,193.6357142857143,200.96999999999997,88.97458171003782,87.99795119088341,140.1,362.1,33.8,33.8,1.0,0.0,302.40000000000003
2024-04-13,302.40000000000003,8,4,2,6,5,15,4,2,2024,13,1,67.6,140.1,189.9,397.1,187.27142857142857,187.31428571428572,194.68333333333334,85.28883698518653,90.61420336004012,67.6,340.2,37.800000000000004,75.60000000000001,0.75,0.25,434.3
2024-04-14,434.3,13,6,4,9,6,15,4,2,2024,14,1,302.40000000000003,241.5,68.7,107.6,210.45714285714283,195.35,191.52666666666664,92.11543224206716,84.78136560602798,67.6,340.2,33.40769230769231,72.38333333333334,0.6923076923076923,0.3076923076923077,150.39999999999998
2024-04-15,150.39999999999998,5,4,1,4,0,16,4,2,2024,15,0,434.3,340.2,242.8,183.2,238.0,221.46428571428572,202.41666666666666,125.66040214270635,94.09935352239849,67.6,434.3,30.079999999999995,37.599999999999994,0.8,0.2,276.5
2024-04-16,276.5,8,7,1,7,1,16,4,2,2024,16,0,150.39999999999998,186.1,136.5,68.9,210.8857142857143,214.8642857142857,201.32333333333335,120.29536467339368,94.51994018170991,67.6,434.3,34.5625,39.5,0.875,0.125,199.2
2024-04-17,199.2,6,4,1,5,2,16,4,2,2024,17,0,276.5,166.4,126.5,115.6,223.79999999999998,224.8642857142857,208.24333333333334,122.0309386999871,92.0579940275032,67.6,434.3,33.199999999999996,49.8,0.8333333333333334,0.16666666666666666,352.7
2024-04-18,352.7,10,7,0,10,3,16,4,2,2024,18,0,199.2,169.0,185.0,219.9,228.48571428571427,230.05714285714288,211.03000000000003,120.07359449620098,90.40742702935951,67.6,434.3,35.269999999999996,50.385714285714286,1.0,0.0,261.1
2024-04-19,261.1,7,5,0,7,4,16,4,2,2024,19,0,352.7,67.6,362.1,213.9,254.72857142857146,242.03571428571428,215.45666666666665,124.88383554708909,94.0351060025964,67.6,434.3,37.300000000000004,52.220000000000006,1.0,0.0,494.3
2024-04-20,494.3,14,8,2,12,5,16,4,2,2024,20,1,261.1,302.40000000000003,140.1,205.2,282.37142857142857,234.82142857142858,217.03000000000003,94.20760256450853,94.40230545840535,150.39999999999998,434.3,35.30714285714286,61.7875,0.8571428571428571,0.14285714285714285,104.64
2024-04-21,104.64,3,2,1,2,6,16,4,2,2024,21,1,494.3,434.3,241.5,189.4,309.7857142857143,260.12142857142857,226.66666666666666,124.16535250183433,107.06021616388354,150.39999999999998,494.3,34.88,52.32,0.6666666666666666,0.3333333333333333,176.46
2024-04-22,176.46,5,3,2,3,0,17,4,2,2024,22,0,104.64,150.39999999999998,340.2,285.1,262.69142857142856,250.3457142857143,223.84133333333332,131.37609059852707,109.17512574263215,104.64,494.3,35.292,58.82,0.6,0.4,173.9
2024-04-23,173.9,5,4,0,5,1,17,4,2,2024,23,0,176.46,276.5,186.1,78.7,266.4142857142857,238.65,220.22,127.9892832567299,108.87448945998514,104.64,494.3,34.78,43.475,1.0,0.0,272.36
2024-04-24,272.36,8,7,0,8,2,17,4,2,2024,24,0,173.9,199.2,166.4,223.6,251.7571428571429,237.77857142857144,223.39333333333332,132.43922401291422,105.9556689776708,104.64,494.3,34.045,38.90857142857143,1.0,0.0,121.48
2024-04-25,121.48,4,3,0,4,3,17,4,2,2024,25,0,272.36,352.7,169.0,376.7,262.2085714285714,245.34714285714284,225.0186666666667,130.4725298582773,106.33226232876842,104.64,494.3,30.37,40.49333333333333,1.0,0.0,300.28
2024-04-26,300.28,9,7,0,9,4,17,4,2,2024,26,0,121.48,261.1,67.6,271.7,229.17714285714285,241.9528571428571,216.51133333333334,132.98921732159167,103.96148778749036,104.64,494.3,33.364444444444445,42.89714285714285,1.0,0.0,37.72
2024-04-27,37.72,1,1,0,1,5,17,4,2,2024,27,1,300.28,494.3,302.40000000000003,125.4,234.77428571428572,258.5728571428571,217.464,135.36004024540665,104.6135599307246,104.64,494.3,37.72,37.72,1.0,0.0,169.0
2024-04-28,169.0,5,4,0,5,6,17,4,2,2024,28,1,37.72,104.64,434.3,156.10000000000002,169.54857142857142,239.66714285714284,214.5413333333333,92.7632124333369,108.42950621878978,37.72,300.28,33.8,42.25,1.0,0.0,257.66
2024-04-29,257.66,8,4,0,8,0,18,4,2,2024,29,0,169.0,176.46,150.39999999999998,189.9,178.74285714285716,220.71714285714285,214.97133333333332,88.34168093531049,108.21511994341556,37.72,300.28,32.2075,64.415,1.0,0.0,272.36
2024-04-30,272.36,8,1,0,8,1,18,4,2,2024,30,0,257.66,173.9,276.5,68.7,190.34285714285716,228.37857142857143,217.23,93.19003840080154,108.38080320540291,37.72,300.28,34.045,272.36,1.0,0.0,245.72
2024-05-02,245.72,7,5,1,6,3,18,5,2,2024,2,0,272.36,272.36,199.2,242.8,204.4085714285714,228.08285714285714,224.0186666666667,97.61986946460092,105.08471668572716,37.72,300.28,35.10285714285714,49.144,0.8571428571428571,0.14285714285714285,114.44
2024-05-03,114.44,3,2,1,2,4,18,5,2,2024,3,0,245.72,121.48,352.7,136.5,200.60285714285715,231.4057142857143,224.11599999999999,95.013759304339,105.10406303377096,37.72,300.28,38.14666666666667,57.22,0.6666666666666666,0.3333333333333333,314.58
2024-05-06,314.58,10,5,1,9,0,19,5,2,2024,6,0,114.44,300.28,261.1,126.5,199.59714285714287,214.38714285714286,223.38066666666666,96.02275593390802,105.81296087528884,37.72,300.28,31.458,62.916,0.9,0.1,344.08
2024-05-07,344.08,10,6,1,9,1,19,5,2,2024,7,0,314.58,37.72,494.3,185.0,201.64000000000001,218.20714285714286,229.65,98.63824883549658,105.44608306847041,37.72,314.58,34.408,57.346666666666664,0.9,0.1,37.72
2024-05-08,37.72,1,1,0,1,2,19,5,2,2024,8,0,344.08,169.0,104.64,362.1,245.40571428571428,207.47714285714284,234.95266666666666,79.98786134098579,107.11007402742716,114.44,344.08,37.72,37.72,1.0,0.0,295.38
2024-05-09,295.38,9,5,0,9,3,19,5,2,2024,9,0,37.72,257.66,176.46,140.1,226.65142857142857,202.69714285714286,224.14,110.47006222329674,110.16153318242921,37.72,344.08,32.82,59.076,1.0,0.0,148.44
2024-05-10,148.44,4,1,2,2,4,19,5,2,2024,10,0,295.38,272.36,173.9,241.5,232.04000000000002,211.19142857142856,229.316,113.12282115765444,109.72379509948827,37.72,344.08,37.11,148.44,0.5,0.5,293.24
2024-05-11,293.24,8,7,1,7,5,19,5,2,2024,11,1,148.44,245.72,272.36,340.2,214.33714285714285,209.37285714285713,226.214,115.43407609458106,110.6787570372488,37.72,344.08,36.655,41.89142857142857,0.875,0.125,272.36
2024-05-12,272.36,8,8,0,8,6,19,5,2,2024,12,1,293.24,114.44,121.48,186.1,221.12571428571428,210.8642857142857,224.64866666666666,118.93159082110228,109.33498019715671,37.72,344.08,34.045,34.045,1.0,0.0,90.82
2024-05-13,90.82,3,1,2,1,0,20,5,2,2024,13,0,272.36,314.58,300.28,166.4,243.68571428571428,221.64142857142858,227.524,109.96118631243525,109.42047093350655,37.72,344.08,30.27333333333333,90.82,0.3333333333333333,0.6666666666666666,403.64
2024-05-14,403.64,12,7,0,12,1,20,5,2,2024,14,0,90.82,344.08,37.72,169.0,211.72,206.68,225.00466666666668,118.13696401493763,111.72221915685948,37.72,344.08,33.63666666666666,57.66285714285714,1.0,0.0,350.82
2024-05-15,350.82,12,7,1,11,2,20,5,2,2024,15,0,403.64,37.72,169.0,67.6,220.22857142857143,232.81714285714287,232.82600000000002,130.73216888337922,115.8049244560691,37.72,403.64,29.235,50.11714285714286,0.9166666666666666,0.08333333333333333,327.34
2024-05-16,327.34,9,6,2,7,3,20,5,2,2024,16,0,350.82,295.38,257.66,302.40000000000003,264.95714285714286,245.80428571428573,242.26666666666668,109.76158005943088,113.39005044636806,90.82,403.64,36.371111111111105,54.556666666666665,0.7777777777777778,0.2222222222222222,306.36
2024-05-17,306.36,9,8,1,8,4,20,5,2,2024,17,0,327.34,148.44,272.36,434.3,269.52285714285716,250.78142857142853,243.098,111.88221272306657,113.93623798816846,90.82,403.64,34.04,38.295,0.8888888888888888,0.1111111111111111,283.44
2024-05-18,283.44,8,6,1,7,5,20,5,2,2024,18,1,306.36,293.24,245.72,150.39999999999998,292.0828571428571,253.21,238.83333333333334,98.52158709546613,108.81188732389727,90.82,403.64,35.43,47.24,0.875,0.125,417.84
2024-05-19,417.84,13,9,1,12,6,20,5,2,2024,19,1,283.44,272.36,114.44,276.5,290.68285714285713,255.9042857142857,243.268,98.57201998442316,107.78972026989437,90.82,403.64,32.14153846153846,46.42666666666666,0.9230769230769231,0.07692307692307693,559.02
2024-05-20,559.02,17,11,1,16,0,21,5,2,2024,20,0,417.84,90.82,314.58,199.2,311.4657142857142,277.5757142857143,247.9793333333333,108.8641206362535,112.28737878329424,90.82,417.84,32.883529411764705,50.82,0.9411764705882353,0.058823529411764705,314.9
2024-05-21,314.9,9,5,4,5,1,21,5,2,2024,21,0,559.02,403.64,344.08,352.7,378.3514285714285,295.0357142857143,259.9733333333333,93.44435267911608,125.35417403152735,283.44,559.02,34.98888888888889,62.98,0.5555555555555556,0.4444444444444444,370.82
2024-05-22,370.82,11,8,0,11,2,21,5,2,2024,22,0,314.9,350.82,37.72,261.1,365.6742857142857,292.95142857142855,258.7133333333333,95.43993274256194,124.5775586513889,283.44,559.02,33.71090909090909,46.3525,1.0,0.0,575.4
2024-05-23,575.4,16,12,1,15,3,21,5,2,2024,23,0,370.82,327.34,295.38,494.3,368.5314285714286,316.7442857142857,262.37066666666664,95.22024494622471,126.24939759319126,283.44,559.02,35.9625,47.949999999999996,0.9375,0.0625,210.14
2024-05-24,210.14,7,5,0,7,4,21,5,2,2024,24,0,575.4,306.36,148.44,104.64,403.9685714285714,336.74571428571426,265.074,120.21418710348773,132.1187173719152,283.44,575.4,30.02,42.028,1.0,0.0,254.92
2024-05-25,254.92,8,4,2,6,5,21,5,2,2024,25,1,210.14,283.44,293.24,176.46,390.22285714285715,341.15285714285716,268.59066666666666,137.4943477279806,129.07001262168114,210.14,575.4,31.865,63.73,0.75,0.25,526.6
2024-05-26,526.6,15,11,0,15,6,21,5,2,2024,26,1,254.92,417.84,272.36,173.9,386.1485714285714,338.41571428571433,271.206,141.54873123516757,127.92867152144352,210.14,575.4,35.10666666666667,47.872727272727275,1.0,0.0,365.92
2024-05-27,365.92,11,9,0,11,0,22,5,2,2024,27,0,526.6,559.02,90.82,272.36,401.6857142857143,356.57571428571424,282.9626666666667,151.2441168946352,134.70499903514158,210.14,575.4,33.265454545454546,40.65777777777778,1.0,0.0,372.1
2024-05-28,372.1,11,8,1,10,1,22,5,2,2024,28,0,365.92,314.9,403.64,121.48,374.1,376.2257142857143,286.08133333333336,134.44144003989243,135.53156984904714,210.14,575.4,33.82727272727273,46.5125,0.9090909090909091,0.09090909090909091,396.6
2024-05-29,396.6,11,9,1,10,2,22,5,2,2024,29,0,372.1,370.82,350.82,300.28,382.2714285714286,373.97285714285715,294.4353333333333,131.95893242830905,132.73090731544644,210.14,575.4,36.054545454545455,44.06666666666667,0.9090909090909091,0.09090909090909091,370.82
2024-05-30,370.82,11,9,0,11,3,22,5,2,2024,30,0,396.6,575.4,327.34,37.72,385.9542857142857,377.24285714285713,297.64599999999996,131.94581449180095,134.03570375090374,210.14,575.4,33.71090909090909,41.20222222222222,1.0,0.0,499.96
2024-05-31,499.96,14,9,1,13,4,22,5,2,2024,31,0,370.82,210.14,306.36,169.0,356.7285714285714,380.34857142857146,308.7493333333333,102.32184443030258,125.27155537370469,210.14,526.6,35.71142857142857,55.55111111111111,0.9285714285714286,0.07142857142857142,386.8
2024-06-01,386.8,11,8,1,10,5,22,6,2,2024,1,1,499.96,254.92,283.44,257.66,398.13142857142856,394.1771428571429,319.78133333333335,91.1465997589544,127.09979884770264,254.92,526.6,35.163636363636364,48.35,0.9090909090909091,0.09090909090909091,212.8
2024-06-02,212.8,6,4,1,5,6,22,6,2,2024,2,1,386.8,526.6,417.84,272.36,416.97142857142853,401.55999999999995,324.086,67.05779184866601,127.11018083970886,365.92,526.6,35.46666666666667,53.2,0.8333333333333334,0.16666666666666666,251.7
2024-06-03,251.7,7,5,2,5,0,23,6,2,2024,3,0,212.8,365.92,559.02,245.72,372.14285714285717,386.9142857142857,322.10066666666665,84.24253433080094,128.40449186292025,212.8,499.96,35.957142857142856,50.339999999999996,0.7142857142857143,0.2857142857142857,474.18
2024-06-04,474.18,14,10,0,14,1,23,6,2,2024,4,0,251.7,372.1,314.9,114.44,355.82571428571424,364.9628571428571,322.3,95.90345959299253,128.2864182345439,212.8,499.96,33.87,47.418,1.0,0.0,310.08
2024-06-05,310.08,9,7,0,9,2,23,6,2,2024,5,0,474.18,396.6,370.82,314.58,370.40857142857146,376.34000000000003,334.29133333333334,106.01816502036667,124.95692230782464,212.8,499.96,34.45333333333333,44.29714285714285,1.0,0.0,385.52
2024-06-06,385.52,11,7,0,11,3,23,6,2,2024,6,0,310.08,370.82,575.4,344.08,358.04857142857145,372.00142857142856,334.1413333333333,107.48896554663507,124.98409796045476,212.8,499.96,35.04727272727273,55.074285714285715,1.0,0.0,149.4
2024-06-07,149.4,5,4,0,5,4,23,6,2,2024,7,0,385.52,499.96,210.14,37.72,360.1485714285714,358.43857142857144,335.5226666666667,107.92278589012473,125.32625910091599,212.8,499.96,29.880000000000003,37.35,1.0,0.0,136.18
2024-06-08,136.18,4,3,0,4,5,23,6,2,2024,8,1,149.4,386.8,254.92,295.38,310.06857142857143,354.09999999999997,339.24533333333335,113.42813164122487,117.5955864681224,149.4,474.18,34.045,45.39333333333334,1.0,0.0,436.46
2024-06-09,436.46,13,11,0,13,6,23,6,2,2024,9,1,136.18,212.8,526.6,148.44,274.2657142857143,345.61857142857144,333.9386666666667,124.21235671987208,123.10627278153198,136.18,474.18,33.573846153846155,39.67818181818182,1.0,0.0,226.32
2024-06-10,226.32,6,4,0,6,0,24,6,2,2024,10,0,436.46,251.7,365.92,293.24,306.21714285714285,339.18,343.5393333333333,134.1360957776697,119.31343277653018,136.18,474.18,37.72,56.58,1.0,0.0,211.62
2024-06-11,211.62,6,4,0,6,1,24,6,2,2024,11,0,226.32,474.18,372.1,272.36,302.59142857142854,329.2085714285714,341.3086666666666,136.1827002508727,120.90124709813834,136.18,474.18,35.27,52.905,1.0,0.0,221.42
2024-06-12,221.42,6,6,0,6,2,24,6,2,2024,12,0,211.62,310.08,396.6,90.82,265.0828571428571,317.74571428571426,339.284,115.65702136263143,122.5924687341962,136.18,436.46,36.90333333333333,36.90333333333333,1.0,0.0,379.14
2024-06-13,379.14,12,9,0,12,3,24,6,2,2024,13,0,221.42,385.52,370.82,403.64,252.41714285714286,305.2328571428571,343.63733333333334,114.75919683033186,115.58360255179203,136.18,436.46,31.595,42.126666666666665,1.0,0.0,126.38
2024-06-14,126.38,4,4,0,4,4,24,6,2,2024,14,0,379.14,149.4,499.96,350.82,251.50571428571428,305.82714285714286,342.8206666666666,113.5448050855025,115.23104484509372,136.18,436.46,31.595,31.595,1.0,0.0,262.56
2024-06-15,262.56,8,4,0,8,5,24,6,2,2024,15,1,126.38,136.18,386.8,327.34,248.21714285714285,279.14285714285717,335.33933333333334,117.26728809494509,121.79279741835536,126.38,436.46,32.82,65.64,1.0,0.0,408.54
2024-06-16,408.54,12,7,0,12,6,24,6,2,2024,16,1,262.56,436.46,212.8,306.36,266.27142857142854,270.2685714285714,333.18,106.36524862136932,122.511651803354,126.38,436.46,34.045,58.362857142857145,1.0,0.0,323.3
2024-06-17,323.3,10,7,0,10,0,25,6,2,2024,17,0,408.54,226.32,251.7,283.44,262.28285714285715,284.25,336.586,99.20200967626371,123.1589710174172,126.38,408.54,32.33,46.18571428571429,1.0,0.0,234.64
2024-06-18,234.64,7,4,0,7,1,25,6,2,2024,18,0,323.3,211.62,474.18,417.84,276.13714285714286,289.3642857142857,337.9146666666667,100.11027947789803,122.78027640473462,126.38,408.54,33.519999999999996,58.66,1.0,0.0,380.62
2024-06-19,380.62,11,8,0,11,2,25,6,2,2024,19,0,234.64,221.42,310.08,559.02,279.42571428571426,272.2542857142857,331.808,97.99341523067469,123.2230593735578,126.38,408.54,34.60181818181818,47.5775,1.0,0.0,221.42
2024-06-20,221.42,6,4,0,6,3,25,6,2,2024,20,0,380.62,379.14,385.52,314.9,302.1685714285714,277.29285714285714,325.86133333333333,100.72339540023648,115.97118868519678,126.38,408.54,36.90333333333333,55.355,1.0,0.0,403.64
2024-06-21,403.64,12,7,0,12,4,25,6,2,2024,21,0,221.42,126.38,149.4,370.82,279.63714285714286,265.57142857142856,322.74533333333335,98.24568552261988,117.52134643172906,126.38,408.54,33.63666666666666,57.66285714285714,1.0,0.0,169.0
2024-06-22,169.0,5,5,0,5,5,25,6,2,2024,22,1,403.64,262.56,136.18,575.4,319.2457142857143,283.7314285714286,323.83933333333334,80.43669619793003,118.13545813389725,221.42,408.54,33.8,33.8,1.0,0.0,178.8
2024-06-23,178.8,5,3,0,5,6,25,6,2,2024,23,1,169.0,408.54,436.46,210.14,305.88,286.0757142857143,310.2926666666666,97.40840210166677,111.40338204280312,169.0,408.54,35.760000000000005,59.6,1.0,0.0,221.42
2024-06-24,221.42,6,4,0,6,0,26,6,2,2024,24,0,178.8,323.3,226.32,254.92,273.06,267.6714285714286,309.248,95.74320236967219,112.51631564140943,169.0,403.64,36.90333333333333,55.355,1.0,0.0,141.07999999999998
2024-06-25,141.07999999999998,4,4,0,4,1,26,6,2,2024,25,0,221.42,234.64,211.62,526.6,258.5057142857143,267.32142857142856,308.1313333333333,94.56955656325894,113.23800613152686,169.0,403.64,35.269999999999996,35.269999999999996,1.0,0.0,196.92
2024-06-26,196.92,6,5,0,6,2,26,6,2,2024,26,0,141.07999999999998,380.62,221.42,365.92,245.14000000000001,262.28285714285715,295.28066666666666,104.58579890851978,109.40055090113255,141.07999999999998,403.64,32.82,39.384,1.0,0.0,131.28
2024-06-27,131.28,4,4,0,4,3,26,6,2,2024,27,0,196.92,221.42,379.14,372.1,218.89714285714285,260.53285714285715,289.6473333333333,86.38929442052527,109.98727318016945,141.07999999999998,403.64,32.82,32.82,1.0,0.0,159.2
2024-06-28,159.2,5,5,0,5,4,26,6,2,2024,28,0,131.28,403.64,126.38,396.6,206.02,242.82857142857142,281.62,92.45567803007025,112.52086935932965,131.28,403.64,31.839999999999996,31.839999999999996,1.0,0.0,287.06
2024-06-29,287.06,8,5,0,8,5,26,6,2,2024,29,1,159.2,169.0,262.56,370.82,171.1,245.17285714285714,273.7066666666667,31.334000702113062,112.50364988204439,131.28,221.42,35.8825,57.412,1.0,0.0,131.28
2024-06-30,131.28,4,4,0,4,6,26,6,2,2024,30,1,287.06,178.8,408.54,499.96,187.96571428571428,246.92285714285714,270.9146666666667,53.76191801425472,111.04030333026911,131.28,287.06,32.82,32.82,1.0,0.0,98.46
2024-07-01,98.46,3,3,0,3,0,27,7,3,2024,1,0,131.28,221.42,323.3,386.8,181.17714285714285,227.11857142857144,258.6253333333333,57.94930247330745,105.05725269103752,131.28,287.06,32.82,32.82,1.0,0.0,192.02
2024-07-02,192.02,6,5,0,6,1,27,7,3,2024,2,0,98.46,141.07999999999998,234.64,212.8,163.61142857142858,211.0585714285714,249.014,62.19792049808208,106.11097328935303,98.46,287.06,32.00333333333334,38.404,1.0,0.0,310.08
2024-07-03,310.08,9,8,0,9,2,27,7,3,2024,3,0,192.02,196.92,380.62,251.7,170.88857142857142,208.0142857142857,248.32133333333334,62.10229717398332,106.42288604441708,98.46,287.06,34.45333333333333,38.76,1.0,0.0,60.74
2024-07-04,60.74,2,2,0,2,3,27,7,3,2024,4,0,310.08,131.28,221.42,474.18,187.0542857142857,202.9757142857143,250.26733333333334,81.65729011283344,107.01888321720362,98.46,310.08,30.37,30.37,1.0,0.0,303.7
2024-07-05,303.7,10,8,0,10,4,27,7,3,2024,5,0,60.74,159.2,403.64,310.08,176.97714285714284,191.49857142857144,236.486,93.22121033940118,103.7610273192436,60.74,310.08,30.369999999999997,37.9625,1.0,0.0,164.1
2024-07-06,164.1,5,3,0,5,5,27,7,3,2024,6,1,303.7,287.06,169.0,385.52,197.61999999999998,184.35999999999999,236.27333333333334,104.00394800198698,103.6114194656079,60.74,310.08,32.82,54.699999999999996,1.0,0.0,346.32
2024-07-07,346.32,11,8,0,11,6,27,7,3,2024,7,1,164.1,131.28,178.8,149.4,180.0542857142857,184.01000000000002,228.89266666666666,96.49276637087767,100.45150766734993,60.74,310.08,31.483636363636364,43.29,1.0,0.0,139.6
2024-07-08,139.6,5,5,0,5,0,28,7,3,2024,8,0,346.32,98.46,221.42,136.18,210.77428571428572,195.97571428571428,235.45666666666665,111.44838250017257,101.50627092343407,60.74,346.32,27.919999999999998,27.919999999999998,1.0,0.0,144.5
2024-07-09,144.5,5,4,0,5,1,28,7,3,2024,9,0,139.6,192.02,141.07999999999998,436.46,216.65142857142857,190.13142857142856,235.57066666666665,105.4624311352265,101.3927873015709,60.74,346.32,28.9,36.125,1.0,0.0,83.76
2024-07-10,83.76,3,3,0,3,2,28,7,3,2024,10,0,144.5,310.08,196.92,226.32,209.86285714285714,190.37571428571428,225.83866666666665,108.78914984413443,95.27282232632228,60.74,346.32,27.92,27.92,1.0,0.0,116.58
2024-07-11,116.58,4,4,0,4,3,28,7,3,2024,11,0,83.76,60.74,131.28,211.62,177.53142857142856,182.29285714285714,221.08666666666664,107.66590352081018,98.74018157503684,60.74,346.32,29.145,29.145,1.0,0.0,154.3
2024-07-12,154.3,5,5,0,5,4,28,7,3,2024,12,0,116.58,303.7,159.2,221.42,185.50857142857143,181.24285714285716,217.91866666666667,99.3152186103372,100.56221597060956,83.76,346.32,30.860000000000003,30.860000000000003,1.0,0.0,65.64
2024-07-13,65.64,2,1,0,2,5,28,7,3,2024,13,1,154.3,164.1,287.06,379.14,164.16571428571427,180.89285714285714,215.68133333333333,84.6534249862626,101.22609121658549,83.76,346.32,32.82,65.64,1.0,0.0,172.42000000000002
2024-07-14,172.42000000000002,6,4,0,6,6,28,7,3,2024,14,1,65.64,346.32,131.28,126.38,150.1,165.07714285714286,205.2313333333333,92.48388688486965,99.94352124845415,65.64,346.32,28.736666666666668,43.105000000000004,1.0,0.0,32.82
2024-07-15,32.82,1,1,0,1,0,29,7,3,2024,15,0,172.42000000000002,139.6,98.46,262.56,125.25714285714285,168.01571428571427,206.766,38.7197992910978,99.04038022182031,65.64,172.42000000000002,32.82,32.82,1.0,0.0,60.74
2024-07-16,60.74,2,2,0,2,1,29,7,3,2024,16,0,32.82,144.5,192.02,408.54,110.00285714285714,163.3271428571429,199.108,51.16214802445491,103.36507148335261,32.82,172.42000000000002,30.37,30.37,1.0,0.0,27.92
2024-07-17,27.92,1,1,0,1,2,29,7,3,2024,17,0,60.74,83.76,310.08,323.3,98.03714285714285,153.95000000000002,187.51466666666667,51.54273363410442,98.45313633060807,32.82,172.42000000000002,27.92,27.92,1.0,0.0,312.02
2024-07-18,312.02,11,8,0,11,3,29,7,3,2024,18,0,27.92,116.58,60.74,234.64,90.05999999999999,133.7957142857143,177.66866666666664,58.033113535866036,99.17279781143158,27.92,172.42000000000002,28.365454545454543,39.0025,1.0,0.0,242.96
2024-07-19,242.96,8,4,0,8,4,29,7,3,2024,19,0,312.02,154.3,303.7,380.62,117.97999999999999,151.74428571428572,180.248,102.72398291862864,101.68020016801137,27.92,312.02,30.37,60.74,1.0,0.0,200.34
2024-07-20,200.34,7,5,0,7,5,29,7,3,2024,20,1,242.96,65.64,164.1,221.42,130.6457142857143,147.40571428571428,175.65933333333334,112.9094148505996,95.2273524141885,27.92,312.02,28.62,40.068,1.0,0.0,121.48
2024-07-21,121.48,4,4,0,4,6,29,7,3,2024,21,1,200.34,172.42000000000002,346.32,403.64,149.88857142857142,149.99428571428572,174.95666666666665,111.45309438332828,94.95543333343379,27.92,312.02,30.37,30.37,1.0,0.0,106.78
2024-07-22,106.78,4,4,0,4,0,30,7,3,2024,22,0,121.48,32.82,139.6,169.0,142.61142857142858,133.93428571428572,165.55133333333333,111.39975874129657,84.97248506928892,27.92,312.02,26.695,26.695,1.0,0.0,339.94
2024-07-23,339.94,12,10,0,12,1,30,7,3,2024,23,0,106.78,60.74,144.5,178.8,153.17714285714285,131.59,163.47733333333335,102.394442185483,85.64209917595622,27.92,312.02,28.328333333333333,33.994,1.0,0.0,330.14
2024-07-24,330.14,12,9,0,12,2,30,7,3,2024,24,0,339.94,27.92,83.76,221.42,193.06285714285715,145.55,168.84866666666667,114.09599667447966,91.48982557840938,27.92,339.94,27.511666666666667,36.68222222222222,1.0,0.0,269.4
2024-07-25,269.4,10,9,0,10,3,30,7,3,2024,25,0,330.14,312.02,116.58,141.07999999999998,236.23714285714283,163.14857142857142,172.47266666666667,97.1058065058051,95.70039548555644,106.78,339.94,26.939999999999998,29.93333333333333,1.0,0.0,461.42
2024-07-26,461.42,16,13,0,16,4,30,7,3,2024,26,0,269.4,242.96,154.3,196.92,230.14857142857142,174.06428571428572,176.75,92.80307527745181,97.10622448886949,106.78,339.94,28.83875,35.49384615384616,1.0,0.0,372.76
2024-07-27,372.76,13,11,0,13,5,30,7,3,2024,27,1,461.42,200.34,65.64,131.28,261.35714285714283,196.00142857142856,185.56666666666666,127.9185816205352,110.13426255487303,106.78,461.42,28.673846153846153,33.88727272727272,1.0,0.0,78.86
2024-07-28,78.86,3,2,0,3,6,30,7,3,2024,28,1,372.76,121.48,172.42000000000002,159.2,285.98857142857145,217.9385714285714,193.616,130.7794167582156,114.75726507239757,106.78,461.42,26.286666666666665,39.43,1.0,0.0,321.82
2024-07-29,321.82,11,10,0,11,0,31,7,3,2024,29,0,78.86,106.78,32.82,287.06,279.9,211.25571428571428,190.93800000000002,140.35622251970162,116.51209714904685,78.86,461.42,29.256363636363634,32.182,1.0,0.0,650.48
2024-07-30,650.48,24,19,0,24,1,31,7,3,2024,30,0,321.82,339.94,60.74,131.28,310.62,231.89857142857142,192.09666666666666,117.88408035014733,117.6680571406885,78.86,461.42,27.103333333333335,34.235789473684214,1.0,0.0,633.84
2024-07-31,633.84,22,17,0,22,2,31,7,3,2024,31,0,650.48,330.14,27.92,98.46,354.98285714285714,274.0228571428571,209.40333333333334,175.23729337808254,143.714080425836,78.86,650.48,28.810909090909092,37.284705882352945,1.0,0.0,335.04
2024-08-01,335.04,12,9,0,12,3,31,8,3,2024,1,0,633.84,269.4,312.02,192.02,398.36857142857144,317.30285714285714,227.24933333333334,203.39475209786596,161.59144307605612,78.86,650.48,27.92,37.22666666666667,1.0,0.0,139.60000000000002
2024-08-02,139.60000000000002,5,5,0,5,4,31,8,3,2024,2,0,335.04,461.42,242.96,310.08,407.74571428571426,318.94714285714286,232.01666666666668,197.8967116837419,162.62267917362936,78.86,650.48,27.920000000000005,27.920000000000005,1.0,0.0,358.06
2024-08-03,358.06,13,8,0,13,5,31,8,3,2024,3,1,139.60000000000002,372.76,200.34,60.74,361.7714285714286,311.56428571428575,226.33399999999997,219.54665467948345,162.7793209903179,78.86,650.48,27.543076923076924,44.7575,1.0,0.0,187.12
2024-08-04,187.12,6,4,0,6,6,31,8,3,2024,4,1,358.06,78.86,121.48,303.7,359.67142857142863,322.83,236.24466666666666,219.4943269903629,161.39476551639444,78.86,650.48,31.186666666666667,46.78,1.0,0.0,392.36
2024-08-05,392.36,13,10,0,13,0,32,8,3,2024,5,0,187.12,321.82,106.78,164.1,375.13714285714286,327.5185714285714,232.35866666666666,199.2950811999036,161.11784300968017,139.60000000000002,650.48,30.181538461538462,39.236000000000004,1.0,0.0,247.86
2024-08-06,247.86,8,6,0,8,1,32,8,3,2024,6,0,392.36,650.48,339.94,346.32,385.2142857142857,347.9171428571429,239.96733333333333,197.92854088088978,163.15998575405786,139.60000000000002,650.48,30.9825,41.31,1.0,0.0,279.2
2024-08-07,279.2,10,9,0,10,2,32,8,3,2024,7,0,247.86,633.84,330.14,139.6,327.69714285714286,341.34000000000003,236.68533333333335,163.5017799815734,161.93256433239227,139.60000000000002,633.84,27.919999999999998,31.022222222222222,1.0,0.0,208.66
2024-08-08,208.66,8,5,0,8,3,32,8,3,2024,8,0,279.2,335.04,269.4,144.5,277.0342857142857,337.70142857142855,241.33866666666665,92.248252532165,161.04987832502619,139.60000000000002,392.36,26.0825,41.732,1.0,0.0,218.46
2024-08-09,218.46,8,7,0,8,4,32,8,3,2024,9,0,208.66,139.60000000000002,461.42,83.76,258.97999999999996,333.3628571428572,243.47733333333332,91.36658762005577,160.1430165763119,139.60000000000002,392.36,27.3075,31.208571428571428,1.0,0.0,321.82
2024-08-10,321.82,11,8,0,11,5,32,8,3,2024,10,1,218.46,358.06,372.76,116.58,270.2457142857143,316.0085714285715,247.96733333333336,78.09075038209127,157.37493385681464,187.12,392.36,29.256363636363634,40.2275,1.0,0.0,443.3
2024-08-11,443.3,15,12,0,15,6,32,8,3,2024,11,1,321.82,187.12,78.86,154.3,265.06857142857143,312.37,254.80866666666665,72.28408110332714,155.9207020103562,187.12,392.36,29.553333333333335,36.94166666666667,1.0,0.0,377.66
2024-08-12,377.66,13,9,0,13,0,33,8,3,2024,12,0,443.3,392.36,321.82,65.64,301.6657142857143,338.40142857142865,264.442,89.12999548545979,158.40472514286373,208.66,443.3,29.050769230769234,41.96222222222222,1.0,0.0,382.56
2024-08-13,382.56,13,11,0,13,1,33,8,3,2024,13,0,377.66,247.86,650.48,172.42000000000002,299.5657142857143,342.39,274.8426666666667,86.7791685558123,155.11069637705427,208.66,443.3,29.427692307692308,34.77818181818182,1.0,0.0,348.26
2024-08-14,348.26,13,12,0,13,2,33,8,3,2024,14,0,382.56,279.2,633.84,32.82,318.8085714285714,323.2528571428571,281.8473333333333,88.32355507424032,155.0707487464403,208.66,443.3,26.78923076923077,29.021666666666665,1.0,0.0,446.72
2024-08-15,446.72,16,11,0,16,3,33,8,3,2024,15,0,348.26,208.66,335.04,60.74,328.6742857142857,302.8542857142857,292.362,87.00912190821187,148.14257571910133,208.66,443.3,27.92,40.6109090909091,1.0,0.0,120.0
2024-08-16,120.0,5,4,0,5,4,33,8,3,2024,16,0,446.72,218.46,139.60000000000002,27.92,362.6828571428572,310.8314285714286,305.228,78.37814867982122,144.03688249889336,218.46,446.72,24.0,30.0,1.0,0.0,312.02
2024-08-17,312.02,11,10,0,11,5,33,8,3,2024,17,1,120.0,321.82,358.06,312.02,348.6171428571429,309.43142857142857,308.2973333333333,110.73138033311139,138.81010881735187,120.0,446.72,28.365454545454543,31.201999999999998,1.0,0.0,279.2
2024-08-18,279.2,10,7,0,10,6,33,8,3,2024,18,1,312.02,443.3,187.12,242.96,347.21714285714285,306.14285714285717,308.2973333333333,111.18766084332155,138.81010881735187,120.0,446.72,27.919999999999998,39.885714285714286,1.0,0.0,121.48
2024-08-19,121.48,4,3,0,4,0,34,8,3,2024,19,0,279.2,377.66,392.36,200.34,323.7742857142857,312.71999999999997,309.5053333333334,104.66105529392524,138.3789216491501,120.0,446.72,30.37,40.49333333333333,1.0,0.0,358.06
2024-08-20,358.06,13,10,0,13,1,34,8,3,2024,20,0,121.48,382.56,247.86,121.48,287.1771428571429,293.37142857142857,306.8766666666667,125.4109715713748,141.2435182603957,120.0,446.72,27.543076923076924,35.806,1.0,0.0,190.54
2024-08-21,190.54,7,6,0,7,2,34,8,3,2024,21,0,358.06,348.26,279.2,106.78,283.6771428571429,301.2428571428572,314.76266666666663,122.61607476377712,137.07842605310077,120.0,446.72,27.22,31.756666666666664,1.0,0.0,200.34
2024-08-22,200.34,7,7,0,7,3,34,8,3,2024,22,0,190.54,446.72,208.66,339.94,261.1457142857143,294.90999999999997,317.5546666666667,123.25997983356731,133.50254745686047,120.0,446.72,28.62,28.62,1.0,0.0,353.16
2024-08-23,353.16,13,10,0,13,4,34,8,3,2024,23,0,200.34,120.0,218.46,330.14,225.9485714285714,294.3157142857143,312.90133333333335,92.86709417739081,135.11853605026894,120.0,358.06,27.166153846153847,35.316,1.0,0.0,128.32
2024-08-24,128.32,6,3,0,6,5,34,8,3,2024,24,1,353.16,312.02,321.82,269.4,259.25714285714287,303.9371428571429,313.6686666666667,90.31168652953788,135.28507185616027,121.48,358.06,21.386666666666667,42.77333333333333,1.0,0.0,167.51999999999998
2024-08-25,167.51999999999998,6,5,0,6,6,34,8,3,2024,25,1,128.32,279.2,443.3,461.42,233.0142857142857,290.11571428571426,308.96600000000007,98.72268210449288,139.27031895586717,121.48,358.06,27.919999999999998,33.504,1.0,0.0,297.32
2024-08-26,297.32,11,8,0,11,0,35,8,3,2024,26,0,167.51999999999998,121.48,377.66,372.76,217.06,270.4171428571429,299.1693333333334,99.03838851677665,138.51128909383806,121.48,358.06,27.029090909090908,37.165,1.0,0.0,32.82
2024-08-27,32.82,1,1,0,1,1,35,8,3,2024,27,0,297.32,358.06,382.56,78.86,242.18000000000004,264.67857142857144,296.6546666666667,92.86248327500184,137.81222436477765,128.32,358.06,32.82,32.82,1.0,0.0,111.68
2024-08-28,111.68,4,3,0,4,2,35,8,3,2024,28,0,32.82,190.54,348.26,321.82,195.71714285714285,239.69714285714284,295.12,105.69807656942577,140.55034989345424,32.82,353.16,27.92,37.22666666666667,1.0,0.0,23.02
2024-08-29,23.02,1,1,0,1,3,35,8,3,2024,29,0,111.68,200.34,446.72,650.48,184.45142857142855,222.79857142857145,288.11533333333335,110.43816119267402,144.3586300164624,32.82,353.16,23.02,23.02,1.0,0.0,88.66
2024-08-30,88.66,3,1,0,3,4,35,8,3,2024,30,0,23.02,353.16,120.0,633.84,159.12000000000003,192.53428571428572,267.2,125.4959595631137,135.21207566965506,23.02,353.16,29.55333333333333,88.66,1.0,0.0,143.02
2024-08-31,143.02,6,5,0,6,5,35,8,3,2024,31,1,88.66,128.32,312.02,335.04,121.3342857142857,190.29571428571427,249.02733333333333,92.9284525602256,120.01883823206535,23.02,297.32,23.83666666666667,28.604000000000003,1.0,0.0,293.9
2024-09-01,293.9,10,9,0,10,6,35,9,3,2024,1,1,143.02,167.51999999999998,279.2,139.60000000000002,123.4342857142857,178.2242857142857,242.62666666666667,93.27806438406674,120.39324134235898,23.02,297.32,29.389999999999997,32.65555555555555,1.0,0.0,233.16
2024-09-02,233.16,8,7,0,8,0,36,9,3,2024,2,0,293.9,297.32,121.48,358.06,141.48857142857145,179.27428571428572,247.77,113.31232110536662,119.12935429679946,23.02,297.32,29.145,33.308571428571426,1.0,0.0,513.84
2024-09-03,513.84,17,12,0,17,1,36,9,3,2024,3,0,233.16,32.82,358.06,187.12,132.32285714285715,187.25142857142856,243.60666666666665,100.47407388878747,117.31064805518035,23.02,293.9,30.225882352941177,42.82,1.0,0.0,298.8
2024-09-04,298.8,10,9,0,10,2,36,9,3,2024,4,0,513.84,111.68,190.54,392.36,201.04,198.37857142857143,254.49733333333333,164.90928253638927,126.67756633805882,23.02,513.84,29.880000000000003,33.2,1.0,0.0,405.58
2024-09-05,405.58,14,11,0,14,3,36,9,3,2024,5,0,298.8,23.02,200.34,247.86,227.77142857142854,206.1114285714286,251.37866666666667,163.16671019017855,124.29578148397717,23.02,513.84,28.97,36.87090909090909,1.0,0.0,274.3
2024-09-06,274.3,10,9,0,10,4,36,9,3,2024,6,0,405.58,88.66,353.16,279.2,282.42285714285714,220.77142857142857,256.636,146.35888649871197,127.43764954431353,88.66,513.84,27.43,30.477777777777778,1.0,0.0,579.94
2024-09-07,579.94,22,13,0,22,5,36,9,3,2024,7,1,274.3,143.02,128.32,208.66,308.9428571428571,215.13857142857142,256.47266666666667,119.80839226507818,127.41086993993306,143.02,513.84,26.360909090909093,44.610769230769236,1.0,0.0,138.12
2024-09-08,138.12,6,4,0,6,6,36,9,3,2024,8,1,579.94,293.9,167.51999999999998,218.46,371.36000000000007,247.39714285714288,268.84866666666665,132.1375949531396,140.01508132398058,233.16,579.94,23.02,34.53,1.0,0.0,518.74
2024-09-09,518.74,17,14,0,17,0,37,9,3,2024,9,0,138.12,233.16,297.32,321.82,349.1057142857143,245.2971428571429,266.17066666666665,157.9536521533181,141.76939543603487,138.12,579.94,30.514117647058825,37.05285714285714,1.0,0.0,289.0
2024-09-10,289.0,10,7,0,10,1,37,9,3,2024,10,0,518.74,513.84,32.82,443.3,389.90285714285716,261.11285714285714,272.73466666666667,159.88416199593638,148.8183479541957,138.12,579.94,28.9,41.285714285714285,1.0,0.0,242.96
2024-09-11,242.96,8,6,0,8,2,37,9,3,2024,11,0,289.0,298.8,111.68,377.66,357.78285714285715,279.4114285714286,267.59133333333335,153.28447515586666,145.34602372254287,138.12,579.94,30.37,40.49333333333333,1.0,0.0,310.54
2024-09-12,310.54,12,8,0,12,3,37,9,3,2024,12,0,242.96,405.58,23.02,382.56,349.80571428571426,288.7885714285714,263.10133333333334,158.23855902372452,143.9019445780122,138.12,579.94,25.878333333333334,38.8175,1.0,0.0,187.12
2024-09-13,187.12,6,6,0,6,4,37,9,3,2024,13,0,310.54,274.3,88.66,348.26,336.2285714285714,309.3257142857143,260.7006666666667,156.72550477704334,142.43358742630335,138.12,579.94,31.186666666666667,31.186666666666667,1.0,0.0,65.64
2024-09-14,65.64,2,1,0,2,5,37,9,3,2024,14,1,187.12,579.94,143.02,446.72,323.7742857142857,316.35857142857145,255.32933333333332,165.67526297520928,142.05564948732004,138.12,579.94,32.82,65.64,1.0,0.0,147.92000000000002
2024-09-15,147.92000000000002,6,5,0,6,6,37,9,3,2024,15,1,65.64,138.12,293.9,120.0,250.30285714285716,310.83142857142855,242.62666666666667,146.01132213111484,141.3878674337767,65.64,518.74,24.653333333333336,29.584000000000003,1.0,0.0,336.52
2024-09-16,336.52,11,9,0,11,0,38,9,3,2024,16,0,147.92000000000002,518.74,233.16,312.02,251.7028571428571,300.4042857142857,243.55733333333333,144.79835009583562,140.64278691026072,65.64,518.74,30.59272727272727,37.39111111111111,1.0,0.0,661.76
2024-09-17,661.76,23,16,0,23,1,38,9,3,2024,17,0,336.52,289.0,513.84,279.2,225.67142857142855,307.7871428571429,244.374,97.41751920275448,141.12434284016672,65.64,336.52,28.772173913043478,41.36,1.0,0.0,121.48
2024-09-18,121.48,4,3,0,4,2,38,9,3,2024,18,0,661.76,242.96,298.8,121.48,278.92285714285714,318.3528571428572,257.12600000000003,192.89624583475657,160.3537191078651,65.64,661.76,30.37,40.49333333333333,1.0,0.0,157.72
2024-09-19,157.72,6,5,0,6,3,38,9,3,2024,19,0,121.48,310.54,405.58,358.06,261.56857142857143,305.6871428571429,257.126,201.9242834520381,160.3537191078651,65.64,661.76,26.286666666666665,31.544,1.0,0.0,195.44
2024-09-20,195.44,7,6,0,7,4,38,9,3,2024,20,0,157.72,187.12,274.3,190.54,239.73714285714286,287.98285714285714,250.448,203.99777104291158,160.176858253619,65.64,661.76,27.919999999999998,32.57333333333333,1.0,0.0,428.6
2024-09-21,428.6,15,8,0,15,5,38,9,3,2024,21,1,195.44,65.64,579.94,200.34,240.9257142857143,282.35,250.61133333333333,203.66407299416215,160.11614996907554,65.64,661.76,28.573333333333334,53.575,1.0,0.0,679.88
2024-09-22,679.88,24,16,0,24,6,38,9,3,2024,22,1,428.6,147.92000000000002,138.12,353.16,292.7771428571428,271.54,258.22,197.7165012262326,163.0415926625197,121.48,661.76,28.328333333333333,42.4925,1.0,0.0,279.2
2024-09-23,279.2,10,9,0,10,0,39,9,3,2024,23,0,679.88,336.52,518.74,128.32,368.7714285714286,310.2371428571428,269.1106666666667,232.016522071782,179.66632104204055,121.48,679.88,27.919999999999998,31.022222222222222,1.0,0.0,448.2
2024-09-24,448.2,15,11,0,15,1,39,9,3,2024,24,0,279.2,661.76,289.0,167.51999999999998,360.5828571428571,293.1271428571428,274.14,234.3443038006461,177.6902164461781,121.48,679.88,29.88,40.74545454545454,1.0,0.0,279.2
2024-09-25,279.2,10,7,0,10,2,39,9,3,2024,25,0,448.2,121.48,242.96,297.32,330.07428571428574,304.4985714285714,283.49600000000004,199.98216510955356,179.26512774331647,121.48,679.88,27.919999999999998,39.885714285714286,1.0,0.0,261.08
2024-09-26,261.08,9,8,0,9,3,39,9,3,2024,26,0,279.2,157.72,310.54,32.82,352.60571428571427,307.08714285714285,282.892,180.49938050282816,179.24746935933047,157.72,679.88,29.008888888888887,32.635,1.0,0.0,481.02
2024-09-27,481.02,16,12,0,16,4,39,9,3,2024,27,0,261.08,195.44,187.12,111.68,367.3714285714286,303.55428571428575,290.5006666666667,165.5045259631461,173.0021932078106,195.44,679.88,30.06375,40.085,1.0,0.0,362.98
2024-09-28,362.98,11,9,0,11,5,39,9,3,2024,28,1,481.02,428.6,65.64,23.02,408.16857142857145,324.54714285714283,302.812,150.58509348854014,172.97964046832712,261.08,679.88,32.99818181818182,40.33111111111111,1.0,0.0,368.86
2024-09-29,368.86,11,9,0,11,6,39,9,3,2024,29,1,362.98,679.88,147.92000000000002,88.66,398.79428571428565,345.7857142857143,314.144,151.14267286873272,164.9682229296046,261.08,679.88,33.53272727272727,40.98444444444445,1.0,0.0,427.14
2024-09-30,427.14,14,12,0,14,0,40,9,3,2024,30,0,368.86,279.2,336.52,143.02,354.36285714285714,361.5671428571428,323.48400000000004,86.72991135594177,159.6066999198666,261.08,481.02,30.509999999999998,35.595,1.0,0.0,482.5
2024-10-01,482.5,15,11,0,15,1,40,10,4,2024,1,0,427.14,448.2,661.76,293.9,375.4971428571428,368.04,332.95466666666664,83.31958187490811,156.93631108220924,261.08,481.02,32.166666666666664,43.86363636363637,1.0,0.0,373.76
2024-10-02,373.76,11,10,0,11,2,40,10,4,2024,2,0,482.5,279.2,121.48,233.16,380.3971428571428,355.2357142857143,339.24133333333333,89.11486253038557,159.0807689830229,261.08,482.5,33.97818181818182,37.376,1.0,0.0,271.38
2024-10-03,271.38,8,6,0,8,3,40,10,4,2024,3,0,373.76,261.08,157.72,513.84,393.9057142857143,373.2557142857143,343.928,77.6472491157162,157.91457582481436,261.08,482.5,33.9225,45.23,1.0,0.0,267.94
2024-10-04,267.94,9,6,0,9,4,40,10,4,2024,4,0,271.38,481.02,195.44,298.8,395.3771428571429,381.3742857142857,335.84599999999995,74.75437149185893,155.098072123904,271.38,482.5,29.77111111111111,44.656666666666666,1.0,0.0,175.36
2024-10-05,175.36,6,4,0,6,5,40,10,4,2024,5,1,267.94,362.98,428.6,405.58,364.9371428571429,386.55285714285714,334.81733333333335,77.40442229276168,155.45417568361188,267.94,482.5,29.22666666666667,43.84,1.0,0.0,656.4
2024-10-06,656.4,20,13,0,20,6,40,10,4,2024,6,1,175.36,368.86,679.88,274.3,338.1342857142857,368.4642857142857,327.1433333333334,105.55849734580703,157.50934282816658,175.36,482.5,32.82,50.49230769230769,1.0,0.0,399.72
2024-10-07,399.72,12,9,0,12,0,41,10,4,2024,7,0,656.4,427.14,279.2,579.94,379.2114285714286,366.7871428571429,339.88,160.93127512788092,168.1765752682743,175.36,656.4,33.31,44.413333333333334,1.0,0.0,584.88
2024-10-08,584.88,18,14,0,18,1,41,10,4,2024,8,0,399.72,482.5,448.2,138.12,375.29428571428576,375.3957142857143,333.8726666666666,159.90064486602742,162.42630519786468,175.36,656.4,32.49333333333333,41.777142857142856,1.0,0.0,365.42
2024-10-09,365.42,12,11,0,12,2,41,10,4,2024,9,0,584.88,373.76,279.2,518.74,389.92,385.15857142857146,348.7646666666667,175.28311536863248,164.32928034124436,175.36,656.4,30.451666666666668,33.22,1.0,0.0,487.4
2024-10-10,487.4,15,12,0,15,3,41,10,4,2024,10,0,365.42,271.38,261.08,289.0,388.7285714285714,391.3171428571428,343.65400000000005,175.43953900879654,161.2153708039289,175.36,656.4,32.49333333333333,40.61666666666667,1.0,0.0,836.66
2024-10-11,836.66,26,20,0,26,4,41,10,4,2024,11,0,487.4,267.94,481.02,242.96,419.5885714285714,407.4828571428571,350.26733333333334,170.28073755111694,162.9560174621559,175.36,656.4,32.17923076923077,41.833,1.0,0.0,216.02
2024-10-12,216.02,7,5,0,7,5,41,10,4,2024,12,1,836.66,175.36,362.98,310.54,500.83428571428567,432.88571428571424,370.0573333333333,215.5297358337624,184.1475125139015,175.36,836.66,30.860000000000003,43.204,1.0,0.0,272.84
2024-10-13,272.84,9,6,0,9,6,41,10,4,2024,13,1,216.02,656.4,368.86,187.12,506.64285714285717,422.3885714285714,366.9066666666667,205.61610359391315,186.00021048066213,216.02,836.66,30.31555555555555,45.47333333333333,1.0,0.0,528.06
2024-10-14,528.06,16,13,0,16,0,42,10,4,2024,14,0,272.84,399.72,427.14,65.64,451.84857142857146,415.53000000000003,369.764,210.11408420415887,183.78835582041765,216.02,836.66,33.00375,40.62,1.0,0.0,579.98
2024-10-15,579.98,18,13,0,18,1,42,10,4,2024,15,0,528.06,584.88,482.5,147.92000000000002,470.1828571428572,422.7385714285714,385.178,210.40648831205158,176.65523667340852,216.02,836.66,32.221111111111114,44.613846153846154,1.0,0.0,441.84
2024-10-16,441.84,14,12,0,14,2,42,10,4,2024,16,0,579.98,365.42,373.76,336.52,469.48285714285714,429.70142857142855,399.58,209.96900165772766,174.2411170446447,216.02,836.66,31.56,36.82,1.0,0.0,726.4599999999999
2024-10-17,726.4599999999999,21,14,0,21,3,42,10,4,2024,17,0,441.84,487.4,271.38,661.76,480.4,434.5642857142857,403.09066666666666,205.59776717334907,173.98757781526544,216.02,836.66,34.59333333333333,51.88999999999999,1.0,0.0,521.6999999999999
2024-10-18,521.6999999999999,15,10,0,15,4,42,10,4,2024,18,0,726.4599999999999,836.66,267.94,121.48,514.5514285714286,467.07,405.2473333333333,225.81516567232376,177.6665809091684,216.02,836.66,34.779999999999994,52.169999999999995,1.0,0.0,316.94
2024-10-19,316.94,9,8,0,9,5,42,10,4,2024,19,1,521.6999999999999,216.02,175.36,157.72,469.5571428571428,485.19571428571425,418.58799999999997,177.05023032219654,170.5058526328907,216.02,726.4599999999999,35.215555555555554,39.6175,1.0,0.0,547.66
2024-10-20,547.66,16,12,0,16,6,42,10,4,2024,20,1,316.94,272.84,656.4,195.44,483.97428571428566,495.3085714285714,423.8953333333333,155.79721636977797,164.47725935957487,272.84,726.4599999999999,34.22875,45.63833333333333,1.0,0.0,615.74
2024-10-21,615.74,19,18,0,19,0,43,10,4,2024,21,0,547.66,528.06,399.72,428.6,523.2342857142856,487.5414285714286,435.636,125.38300401265747,160.12073594634796,316.94,726.4599999999999,32.40736842105263,34.20777777777778,1.0,0.0,272.84
2024-10-22,272.84,9,6,0,9,1,43,10,4,2024,22,0,615.74,579.98,584.88,679.88,535.76,502.9714285714286,441.87399999999997,130.23130140894182,163.4479162555337,316.94,726.4599999999999,30.31555555555555,45.47333333333333,1.0,0.0,415.88
2024-10-23,415.88,13,11,0,13,2,43,10,4,2024,23,0,272.84,441.84,365.42,279.2,491.8828571428571,480.68285714285713,428.306,160.96389012387067,159.8646342162754,272.84,726.4599999999999,31.99076923076923,37.807272727272725,1.0,0.0,497.2
2024-10-24,497.2,15,10,0,15,3,43,10,4,2024,24,0,415.88,726.4599999999999,487.4,448.2,488.1742857142857,484.28714285714284,432.86199999999997,162.59977233042102,157.39730413061812,272.84,726.4599999999999,33.14666666666667,49.72,1.0,0.0,472.7
2024-10-25,472.7,15,11,0,15,4,43,10,4,2024,25,0,497.2,521.6999999999999,836.66,279.2,455.42285714285714,484.9871428571428,434.49533333333335,125.4491298912678,157.81564099603244,272.84,615.74,31.513333333333332,42.97272727272727,1.0,0.0,513.36
2024-10-26,513.36,16,12,0,16,5,43,10,4,2024,26,1,472.7,316.94,216.02,261.08,448.42285714285714,458.99000000000007,440.94533333333334,122.46614848115993,155.18202890384163,272.84,615.74,32.085,42.78,1.0,0.0,169.0
2024-10-27,169.0,5,4,0,5,6,43,10,4,2024,27,1,513.36,547.66,272.84,481.02,476.48285714285714,480.2285714285714,449.3546666666667,109.0911627515088,151.89983541189574,272.84,615.74,33.8,42.25,1.0,0.0,599.5799999999999
2024-10-28,599.5799999999999,18,15,0,18,0,44,10,4,2024,28,0,169.0,615.74,528.06,362.98,422.3885714285715,472.81142857142856,438.95399999999995,152.97138636888613,160.116775243829,169.0,615.74,33.309999999999995,39.971999999999994,1.0,0.0,589.78
2024-10-29,589.78,18,15,0,18,1,44,10,4,2024,29,0,599.5799999999999,272.84,579.98,368.86,420.08,477.92,446.84066666666666,149.6530382807735,162.06073229275643,169.0,599.5799999999999,32.76555555555555,39.318666666666665,1.0,0.0,523.16
2024-10-30,523.16,16,12,0,16,2,44,10,4,2024,30,0,589.78,415.88,441.84,427.14,465.35714285714283,478.61999999999995,454.20466666666664,145.57044454081162,163.40879153180578,169.0,599.5799999999999,32.6975,43.596666666666664,1.0,0.0,169.0
2024-10-31,169.0,5,5,0,5,3,44,10,4,2024,31,0,523.16,497.2,726.4599999999999,482.5,480.6828571428572,484.4285714285714,457.4053333333333,145.13991292476896,163.8002963184838,169.0,599.5799999999999,33.8,33.8,1.0,0.0,225.82
2024-11-01,225.82,7,6,0,7,4,44,11,4,2024,1,0,169.0,472.7,521.6999999999999,373.76,433.79714285714283,444.60999999999996,446.95533333333333,186.13573091647265,171.94199043288722,169.0,599.5799999999999,32.26,37.63666666666666,1.0,0.0,287.54
2024-11-02,287.54,9,8,0,9,5,44,11,4,2024,2,1,225.82,513.36,316.94,271.38,398.5285714285714,423.4757142857143,442.024,200.3800625002873,176.1828137064377,169.0,599.5799999999999,31.94888888888889,35.9425,1.0,0.0,406.08
2024-11-03,406.08,13,9,0,13,6,44,11,4,2024,3,1,287.54,169.0,547.66,267.94,366.2685714285714,421.3757142857143,442.5626666666667,196.96034689149755,175.66703988793287,169.0,599.5799999999999,31.236923076923077,45.12,1.0,0.0,230.72
2024-11-04,230.72,7,5,0,7,0,45,11,4,2024,4,0,406.08,599.5799999999999,615.74,175.36,400.13714285714286,411.2628571428572,447.1673333333334,176.72991123126138,172.71764668209903,169.0,599.5799999999999,32.96,46.144,1.0,0.0,588.3199999999999
2024-11-05,588.3199999999999,17,12,0,17,1,45,11,4,2024,5,0,230.72,589.78,272.84,656.4,347.4428571428571,383.7614285714286,449.01266666666663,161.70377749806238,169.98765094971574,169.0,589.78,34.60705882352941,49.026666666666664,1.0,0.0,261.58
2024-11-06,261.58,8,7,0,8,2,45,11,4,2024,6,0,588.3199999999999,523.16,415.88,399.72,347.2342857142857,406.2957142857143,446.7433333333333,161.33963791302114,167.56067081000523,169.0,588.3199999999999,32.6975,37.36857142857143,1.0,0.0,230.72
2024-11-07,230.72,7,6,0,7,3,45,11,4,2024,7,0,261.58,169.0,497.2,584.88,309.86571428571426,395.2742857142857,442.13866666666667,143.05872999775806,170.76490707348563,169.0,588.3199999999999,32.96,38.45333333333333,1.0,0.0,394.82
2024-11-08,394.82,12,9,0,12,4,45,11,4,2024,8,0,230.72,225.82,472.7,365.42,318.6828571428572,376.24000000000007,430.3333333333333,134.580522329482,172.7865674323602,225.82,588.3199999999999,32.901666666666664,43.86888888888889,1.0,0.0,539.3199999999999
2024-11-09,539.3199999999999,17,11,0,17,5,45,11,4,2024,9,1,394.82,287.54,513.36,487.4,342.82571428571424,370.6771428571428,431.31333333333333,130.23358077663673,172.4888184948439,230.72,588.3199999999999,31.724705882352936,49.029090909090904,1.0,0.0,204.76
2024-11-10,204.76,6,5,0,6,6,45,11,4,2024,10,1,539.3199999999999,406.08,169.0,836.66,378.7942857142857,372.53142857142853,433.044,146.2087779919686,173.32939065896176,230.72,588.3199999999999,34.126666666666665,40.952,1.0,0.0,342.9
2024-11-11,342.9,10,8,0,10,0,46,11,4,2024,11,0,204.76,230.72,599.5799999999999,216.02,350.03428571428566,375.0857142857143,411.98066666666665,159.17260011877494,160.51071950309847,204.76,588.3199999999999,34.29,42.8625,1.0,0.0,321.84
2024-11-12,321.84,9,7,0,9,1,46,11,4,2024,12,0,342.9,588.3199999999999,589.78,272.84,366.05999999999995,356.75142857142856,416.21,150.5726482466188,156.79791287755933,204.76,588.3199999999999,35.76,45.97714285714285,1.0,0.0,194.96
2024-11-13,194.96,6,4,0,6,2,46,11,4,2024,13,0,321.84,261.58,523.16,528.06,327.99142857142857,337.61285714285714,417.8433333333333,114.34168260504298,155.50282020578948,204.76,539.3199999999999,32.49333333333333,48.74,1.0,0.0,471.24
2024-11-14,471.24,14,10,0,14,3,46,11,4,2024,14,0,194.96,230.72,169.0,579.98,318.4742857142857,314.17,406.73999999999995,123.21862235570605,159.20962455745004,194.96,539.3199999999999,33.660000000000004,47.124,1.0,0.0,359.06
2024-11-15,359.06,11,10,0,11,4,46,11,4,2024,15,0,471.24,394.82,225.82,441.84,352.8342857142857,335.75857142857143,403.1153333333333,128.10754269455836,156.34151809714396,194.96,539.3199999999999,32.64181818181818,35.906,1.0,0.0,420.78
2024-11-16,420.78,13,11,0,13,5,46,11,4,2024,16,1,359.06,539.3199999999999,287.54,726.4599999999999,347.7257142857143,345.2757142857143,400.356,126.86116543386356,156.36499003161242,194.96,539.3199999999999,32.36769230769231,38.25272727272727,1.0,0.0,297.34
2024-11-17,297.34,9,7,0,9,6,46,11,4,2024,17,1,420.78,204.76,406.08,521.6999999999999,330.7914285714286,354.7928571428571,390.1666666666667,102.61879285793152,143.8400618822826,194.96,471.24,33.03777777777778,42.47714285714285,1.0,0.0,204.76
2024-11-18,204.76,6,6,0,6,0,47,11,4,2024,18,0,297.34,342.9,230.72,316.94,344.01714285714286,347.0257142857143,382.688,88.6889135714053,142.5925951165382,194.96,471.24,34.126666666666665,34.126666666666665,1.0,0.0,368.86
2024-11-19,368.86,11,9,0,11,1,47,11,4,2024,19,0,204.76,321.84,588.3199999999999,547.66,324.28285714285715,345.1714285714285,378.9486666666666,103.16616850406696,145.8108000052155,194.96,471.24,33.53272727272727,40.98444444444445,1.0,0.0,138.14
2024-11-20,138.14,4,3,0,4,2,47,11,4,2024,20,0,368.86,194.96,261.58,615.74,331.0,329.49571428571426,372.9886666666667,104.50268258119826,142.28862262737462,194.96,471.24,34.535,46.04666666666666,1.0,0.0,261.58
2024-11-21,261.58,8,7,0,8,3,47,11,4,2024,21,0,138.14,471.24,230.72,272.84,322.8828571428571,320.67857142857144,357.0686666666667,118.14662214303691,140.90322016665675,138.14,471.24,32.6975,37.36857142857143,1.0,0.0,214.56
2024-11-22,214.56,6,5,0,6,4,47,11,4,2024,22,0,261.58,359.06,394.82,415.88,292.93142857142857,322.8828571428571,356.6933333333333,99.34814868742686,141.15010316322306,138.14,420.78,35.76,42.912,1.0,0.0,246.88
2024-11-23,246.88,8,6,0,8,5,47,11,4,2024,23,1,214.56,420.78,539.3199999999999,497.2,272.2885714285714,310.0071428571428,349.98266666666666,98.32474077066809,143.01254208160793,138.14,420.78,30.86,41.14666666666667,1.0,0.0,35.76
2024-11-24,35.76,1,1,0,1,6,47,11,4,2024,24,1,246.88,297.34,204.76,472.7,247.44571428571427,289.11857142857144,341.63866666666667,73.3510351795038,141.42057294938854,138.14,368.86,35.76,35.76,1.0,0.0,373.76
2024-11-25,373.76,11,10,0,11,0,48,11,4,2024,25,0,35.76,204.76,342.9,513.36,210.07714285714286,277.04714285714283,327.07399999999996,103.94612157495942,149.71402340508357,35.76,368.86,33.97818181818182,37.376,1.0,0.0,333.1
2024-11-26,333.1,10,8,0,10,1,48,11,4,2024,26,0,373.76,368.86,321.84,169.0,234.22,279.25142857142856,322.4206666666667,120.77005699537743,145.84378496642668,35.76,373.76,33.31,41.6375,1.0,0.0,204.76
2024-11-28,204.76,6,6,0,6,3,48,11,4,2024,28,0,333.1,138.14,194.96,599.5799999999999,229.11142857142858,280.05571428571426,327.8906666666666,114.73090421047169,142.9396302502981,35.76,373.76,34.126666666666665,34.126666666666665,1.0,0.0,235.62
2024-11-29,235.62,7,6,0,7,4,48,11,4,2024,29,0,204.76,261.58,471.24,589.78,238.6285714285714,280.7557142857143,314.72999999999996,108.52207262865511,135.0185647260762,35.76,373.76,33.660000000000004,39.27,1.0,0.0,194.96
2024-11-30,194.96,6,5,0,6,5,48,11,4,2024,30,1,235.62,214.56,359.06,523.16,234.92000000000002,263.92571428571426,302.92466666666667,108.04956455257026,125.2714686049331,35.76,373.76,32.49333333333333,38.992000000000004,1.0,0.0,466.34
2024-12-01,466.34,14,11,0,14,6,48,12,4,2024,1,1,194.96,246.88,420.78,169.0,232.11999999999998,252.2042857142857,291.9846666666666,108.91559606716899,119.5764859462943,35.76,373.76,33.309999999999995,42.39454545454545,1.0,0.0,272.84
2024-12-02,272.84,9,9,0,9,0,49,12,4,2024,2,0,466.34,35.76,297.34,225.82,263.4714285714286,255.45857142857145,301.89599999999996,140.79323414479978,121.34093631098924,35.76,466.34,30.31555555555555,30.31555555555555,1.0,0.0,425.68
2024-12-03,425.68,13,9,0,13,1,49,12,4,2024,3,0,272.84,373.76,204.76,287.54,297.34,253.7085714285714,303.4633333333333,99.28252884235654,120.62596210324416,194.96,466.34,32.744615384615386,47.29777777777778,1.0,0.0,318.4
2024-12-04,318.4,10,9,0,10,2,49,12,4,2024,4,0,425.68,333.1,368.86,406.08,304.75714285714287,269.48857142857145,308.068,107.53926751258295,122.61733742518365,194.96,466.34,31.839999999999996,35.37777777777777,1.0,0.0,282.64
2024-12-05,282.64,9,8,0,9,3,49,12,4,2024,5,0,318.4,204.76,138.14,230.72,302.65714285714284,265.88428571428574,305.14533333333327,107.03590078633842,121.23779289374698,194.96,466.34,31.404444444444444,35.33,1.0,0.0,143.04
2024-12-06,143.04,4,3,0,4,4,49,12,4,2024,6,0,282.64,235.62,261.58,588.3199999999999,313.78285714285715,276.2057142857143,306.876,98.90270399308038,120.50711438720535,194.96,466.34,35.76,47.68,1.0,0.0,185.16
2024-12-07,185.16,6,6,0,6,5,49,12,4,2024,7,1,143.04,194.96,214.56,261.58,300.5571428571429,267.73857142857145,292.03333333333336,115.83733101700368,111.75085297316453,143.04,466.34,30.86,30.86,1.0,0.0,339.46
2024-12-08,339.46,11,9,0,11,6,49,12,4,2024,8,1,185.16,466.34,246.88,230.72,299.15714285714284,265.6385714285714,289.486,117.37528668254468,113.32881328849808,143.04,466.34,30.86,37.717777777777776,1.0,0.0,154.3
2024-12-09,154.3,5,5,0,5,0,50,12,4,2024,9,0,339.46,272.84,35.76,394.82,281.03142857142853,272.25142857142856,293.11066666666665,94.90009614125312,113.12321469525367,143.04,425.68,30.860000000000003,30.860000000000003,1.0,0.0,61.72
2024-12-10,61.72,2,2,0,2,1,50,12,4,2024,10,0,154.3,425.68,373.76,539.3199999999999,264.09714285714284,280.7185714285714,285.0933333333333,106.47576777750685,114.18440515941369,143.04,425.68,30.86,30.86,1.0,0.0,225.82
2024-12-11,225.82,7,7,0,7,2,50,12,4,2024,11,0,61.72,318.4,333.1,204.76,212.10285714285715,258.43,269.17333333333335,103.23612315371778,110.75996554629303,61.72,339.46,32.26,32.26,1.0,0.0,196.42
2024-12-12,196.42,7,4,0,7,3,50,12,4,2024,12,0,225.82,282.64,204.76,342.9,198.87714285714284,250.7671428571429,269.87533333333334,92.74591055032879,110.40380099445362,61.72,339.46,28.06,49.105,1.0,0.0,266.48
2024-12-13,266.48,8,6,0,8,4,50,12,4,2024,13,0,196.42,143.04,235.62,321.84,186.56,250.17142857142855,264.99266666666665,85.18476076544877,110.30191325859072,61.72,339.46,33.31,44.413333333333334,1.0,0.0,334.56
2024-12-14,334.56,11,8,0,11,5,50,12,4,2024,14,1,266.48,185.16,194.96,194.96,204.1942857142857,252.3757142857143,263.1473333333333,87.42148913113313,109.77991858112341,61.72,339.46,30.414545454545454,41.82,1.0,0.0,107.28
2024-12-15,107.28,3,2,0,3,6,50,12,4,2024,15,1,334.56,339.46,466.34,471.24,225.53714285714287,262.34714285714284,267.80066666666664,99.41444658839201,109.74860558169459,61.72,339.46,35.76,53.64,1.0,0.0,276.28
2024-12-16,276.28,8,7,0,8,0,51,12,4,2024,16,0,107.28,154.3,272.84,359.06,192.3685714285714,236.7,255.66866666666664,93.6346167163572,106.55445357877433,61.72,334.56,34.535,39.46857142857142,1.0,0.0,225.82
2024-12-17,225.82,7,6,0,7,1,51,12,4,2024,17,0,276.28,61.72,425.68,420.78,209.7942857142857,236.9457142857143,252.90933333333334,96.67037789263486,104.84279485984192,61.72,334.56,32.26,37.63666666666666,1.0,0.0,138.14
2024-12-18,138.14,4,2,0,4,2,51,12,4,2024,18,0,225.82,225.82,318.4,297.34,233.23714285714286,222.67,246.41066666666666,71.36155400827707,100.00941827831875,107.28,334.56,34.535,69.07,1.0,0.0,333.1
2024-12-19,333.1,10,8,0,10,3,51,12,4,2024,19,0,138.14,196.42,282.64,204.76,220.71142857142857,209.7942857142857,241.10399999999998,80.04688864004922,101.4274919406923,107.28,334.56,33.31,41.6375,1.0,0.0,267.94
2024-12-20,267.94,9,7,0,9,4,51,12,4,2024,20,0,333.1,266.48,143.04,368.86,240.23714285714286,213.39857142857142,245.382,89.27240068357956,102.54215057300986,107.28,334.56,29.77111111111111,38.277142857142856,1.0,0.0,477.6
2024-12-21,477.6,15,10,0,15,5,51,12,4,2024,21,1,267.94,334.56,185.16,138.14,240.44571428571427,222.32,242.018,89.34560740128647,99.97490007065686,107.28,334.56,31.84,47.760000000000005,1.0,0.0,240.52
2024-12-22,240.52,7,6,0,7,6,51,12,4,2024,22,1,477.6,107.28,339.46,261.58,260.88,243.20857142857145,253.33333333333334,124.06823498919205,106.79041276009364,107.28,477.6,34.36,40.086666666666666,1.0,0.0,313.5
2024-12-23,313.5,10,8,0,10,0,52,12,4,2024,23,0,240.52,276.28,154.3,214.56,279.9142857142857,236.14142857142858,252.63133333333334,105.39054588484112,106.80355239905354,138.14,477.6,31.35,39.1875,1.0,0.0,220.92
2024-12-24,220.92,7,5,0,7,1,52,12,4,2024,24,0,313.5,225.82,61.72,246.88,285.2314285714286,247.51285714285714,255.92933333333332,106.11306162588602,107.11454220256125,138.14,477.6,31.56,44.184,1.0,0.0,394.82
2024-12-25,394.82,12,8,0,12,2,52,12,4,2024,25,0,220.92,138.14,225.82,35.76,284.5314285714286,258.88428571428574,255.06399999999996,106.58541417232357,107.29487700595982,138.14,477.6,32.901666666666664,49.3525,1.0,0.0,56.81999999999999
2024-12-26,56.81999999999999,2,2,0,2,3,52,12,4,2024,26,0,394.82,333.1,196.42,373.76,321.2,270.9557142857143,267.03266666666667,90.81458473174901,101.87780949993807,220.92,477.6,28.409999999999997,28.409999999999997,1.0,0.0,237.08
2024-12-27,237.08,8,7,0,8,4,52,12,4,2024,27,0,56.81999999999999,267.94,266.48,333.1,281.7314285714286,260.9842857142857,256.468,134.37170478794667,106.74556117396514,56.81999999999999,477.6,29.635,33.86857142857143,1.0,0.0,261.58
2024-12-28,261.58,8,8,0,8,5,52,12,4,2024,28,1,237.08,477.6,334.56,204.76,277.3228571428571,258.88428571428574,253.2673333333333,135.40188843024396,105.80397182862535,56.81999999999999,477.6,32.6975,32.6975,1.0,0.0,217.48
2024-12-29,217.48,8,6,0,8,6,52,12,4,2024,29,1,261.58,240.52,107.28,235.62,246.46285714285713,253.67142857142855,255.16133333333335,102.85309486743498,105.41354606838985,56.81999999999999,394.82,27.185,36.24666666666666,1.0,0.0,287.54
2024-12-30,287.54,9,7,0,9,0,1,12,4,2024,30,0,217.48,313.5,276.28,194.96,243.17142857142858,261.54285714285714,254.55666666666667,103.44193917822905,105.58139623004122,56.81999999999999,394.82,31.94888888888889,41.07714285714286,1.0,0.0,508.46
2024-12-31,508.46,16,11,0,16,1,1,12,4,2024,31,0,287.54,220.92,225.82,466.34,239.46285714285713,262.34714285714284,257.6426666666667,100.93528978414628,105.13143520615351,56.81999999999999,394.82,31.77875,46.22363636363636,1.0,0.0,282.64
2025-01-02,282.64,9,6,0,9,3,1,1,1,2025,2,0,508.46,394.82,138.14,272.84,280.54,282.5357142857143,259.0466666666667,142.20402010257436,108.24964166010038,56.81999999999999,508.46,31.404444444444444,47.10666666666666,1.0,0.0,211.12
2025-01-03,211.12,7,7,0,7,4,1,1,1,2025,3,0,282.64,56.81999999999999,333.1,425.68,264.5142857142857,292.85714285714283,259.37333333333333,133.21575668280187,108.30747270469418,56.81999999999999,508.46,30.16,30.16,1.0,0.0,313.5
2025-01-04,313.5,10,7,0,10,5,1,1,1,2025,4,1,211.12,237.08,267.94,318.4,286.5571428571429,284.14428571428573,252.22133333333332,102.29976176483936,103.94307035114407,211.12,508.46,31.35,44.785714285714285,1.0,0.0,97.48
2025-01-05,97.48,3,3,0,3,6,1,1,1,2025,5,1,313.5,261.58,477.6,282.64,297.47428571428566,287.3985714285714,252.058,100.19571628520248,103.83929112849752,211.12,508.46,32.49333333333333,32.49333333333333,1.0,0.0,25.96
2025-01-06,25.96,1,1,0,1,0,2,1,1,2025,6,0,97.48,217.48,240.52,143.04,274.0314285714286,260.2471428571429,245.886,125.89508269832896,107.40057871159772,97.48,508.46,25.96,25.96,1.0,0.0,107.28
2025-01-07,107.28,3,2,0,3,1,2,1,1,2025,7,0,25.96,287.54,313.5,185.16,246.67142857142858,244.92142857142858,241.98333333333332,157.16170731962382,113.23531593417545,25.96,508.46,35.76,53.64,1.0,0.0,128.34
2025-01-08,128.34,4,4,0,4,2,2,1,1,2025,8,0,107.28,508.46,220.92,339.46,220.92000000000002,230.19142857142856,239.38733333333332,163.969809822825,115.45394465963969,25.96,508.46,32.085,32.085,1.0,0.0,272.84
2025-01-09,272.84,9,8,0,9,3,2,1,1,2025,9,0,128.34,282.64,394.82,154.3,166.61714285714285,223.57857142857142,232.35,105.33026942499937,115.57801315188713,25.96,313.5,30.31555555555555,34.105,1.0,0.0,164.1
2025-01-10,164.1,5,4,0,5,4,2,1,1,2025,10,0,272.84,211.12,56.81999999999999,61.72,165.21714285714285,214.8657142857143,236.30133333333333,103.58174384100202,114.84161253907307,25.96,313.5,32.82,41.025,1.0,0.0,487.4
2025-01-11,487.4,15,10,0,15,5,2,1,1,2025,11,1,164.1,313.5,237.08,225.82,158.5,222.52857142857144,239.71399999999997,101.614796822773,110.92934764819925,25.96,313.5,32.49333333333333,48.739999999999995,1.0,0.0,154.3
2025-01-12,154.3,5,4,0,5,6,2,1,1,2025,12,1,487.4,97.48,261.58,196.42,183.34285714285713,240.40857142857143,248.43333333333334,153.72238979345073,119.7308465809392,25.96,487.4,30.860000000000003,38.575,1.0,0.0,251.78
2025-01-13,251.78,8,7,0,8,0,3,1,1,2025,13,0,154.3,25.96,217.48,266.48,191.45999999999998,232.74571428571429,247.02933333333334,149.8851115577086,120.60556317394997,25.96,487.4,31.4725,35.96857142857143,1.0,0.0,261.58
2025-01-14,261.58,8,7,0,8,1,3,1,1,2025,14,0,251.78,107.28,287.54,334.56,223.71999999999997,235.1957142857143,246.53933333333333,131.50195131632103,120.5536640537379,107.28,487.4,32.6975,37.36857142857143,1.0,0.0,342.9
2025-01-15,342.9,10,9,0,10,2,3,1,1,2025,15,0,261.58,128.34,508.46,107.28,245.7628571428571,233.34142857142857,244.10666666666665,121.26449902510453,119.44749812865604,128.34,487.4,34.29,38.099999999999994,1.0,0.0,328.2
2025-01-16,328.2,10,9,0,10,3,3,1,1,2025,16,0,342.9,272.84,282.64,276.28,276.4142857142857,221.5157142857143,251.96066666666667,113.5057993903313,117.87653768868155,154.3,487.4,32.82,36.46666666666667,1.0,0.0,312.04
2025-01-17,312.04,9,7,0,9,4,3,1,1,2025,17,0,328.2,164.1,211.12,225.82,284.3228571428571,224.76999999999998,253.69133333333332,115.1322175753145,118.62467844462996,154.3,487.4,34.67111111111112,44.57714285714286,1.0,0.0,138.14
2025-01-18,138.14,4,2,0,4,5,3,1,1,2025,18,1,312.04,487.4,313.5,138.14,305.45714285714286,231.97857142857143,256.5653333333333,102.24208489565119,118.97008826427383,154.3,487.4,34.535,69.07,1.0,0.0,313.5
2025-01-20,313.5,10,8,0,10,0,4,1,1,2025,20,0,138.14,154.3,97.48,333.1,255.56285714285715,219.4528571428571,256.56533333333334,81.83968917224442,118.97008826427383,138.14,342.9,31.35,39.1875,1.0,0.0,251.78
2025-01-21,251.78,8,7,0,8,1,4,1,1,2025,21,0,313.5,251.78,25.96,267.94,278.30571428571426,234.88285714285712,255.91199999999998,70.31866960657132,118.58850483339688,138.14,342.9,31.4725,35.96857142857143,1.0,0.0,220.92
2025-01-22,220.92,7,6,0,7,2,4,1,1,2025,22,0,251.78,261.58,107.28,477.6,278.3057142857143,251.01285714285714,255.37333333333333,70.31866960657132,118.56868614154936,138.14,342.9,31.56,36.82,1.0,0.0,230.72
2025-01-24,230.72,7,5,0,7,4,4,1,1,2025,24,0,220.92,342.9,128.34,240.52,272.4971428571428,259.13,246.81733333333332,73.53625629902733,110.99916951951883,138.14,342.9,32.96,46.144,1.0,0.0,97.48
2025-01-25,97.48,3,3,0,3,5,4,1,1,2025,25,1,230.72,328.2,272.84,313.5,256.4714285714286,266.4428571428571,246.49066666666664,67.62209782523588,111.03275686072035,138.14,328.2,32.49333333333333,32.49333333333333,1.0,0.0,47.02
2025-01-26,47.02,2,1,0,2,6,4,1,1,2025,26,1,97.48,312.04,164.1,220.92,223.51142857142855,253.91714285714284,239.29,81.61417757321617,113.51414309573278,97.48,313.5,23.51,47.02,1.0,0.0,313.5
2025-01-27,313.5,10,6,0,10,0,5,1,1,2025,27,0,47.02,138.14,487.4,394.82,185.65142857142857,245.5542857142857,233.49333333333334,94.20147122498929,118.80157543751953,47.02,313.5,31.35,52.25,1.0,0.0,277.74
2025-01-28,277.74,9,8,0,9,1,5,1,1,2025,28,0,313.5,313.5,154.3,56.81999999999999,210.70285714285714,233.13285714285712,230.78266666666664,102.41940403951592,115.88563883931114,47.02,313.5,30.86,34.7175,1.0,0.0,103.84
2025-01-29,103.84,4,3,0,4,2,5,1,1,2025,29,0,277.74,251.78,251.78,237.08,205.59428571428572,241.95000000000002,238.14666666666665,97.19606419623268,111.38161865726549,47.02,313.5,25.96,34.61333333333334,1.0,0.0,272.84
2025-01-30,272.84,9,9,0,9,3,5,1,1,2025,30,0,103.84,220.92,261.58,261.58,184.46,231.38285714285712,233.70533333333333,101.46974721561153,114.05011964598823,47.02,313.5,30.31555555555555,30.31555555555555,1.0,0.0,389.92
2025-01-31,389.92,12,9,0,12,4,5,1,1,2025,31,0,272.84,230.72,342.9,217.48,191.87714285714287,232.18714285714285,234.08066666666667,106.35886763128697,114.16348875650802,47.02,313.5,32.49333333333333,43.324444444444445,1.0,0.0,349.26
2025-02-01,349.26,11,7,0,11,5,5,2,1,2025,1,1,389.92,97.48,328.2,287.54,214.62000000000003,235.5457142857143,239.82866666666666,130.36154545468315,117.5885423322186,47.02,389.92,31.75090909090909,49.894285714285715,1.0,0.0,245.42
2025-02-02,245.42,7,6,0,7,6,5,2,1,2025,2,1,349.26,47.02,312.04,508.46,250.58857142857144,237.04999999999998,241.886,127.35434705688604,118.98373695304001,47.02,389.92,35.059999999999995,40.90333333333333,1.0,0.0,796.0
2025-02-03,796.0,25,20,0,25,0,6,2,1,2025,3,0,245.42,313.5,138.14,282.64,278.93142857142857,232.29142857142855,233.118,91.54061601798641,107.83148044598235,103.84,389.92,31.84,39.8,1.0,0.0,360.52
2025-02-04,360.52,12,10,0,12,1,6,2,1,2025,4,0,796.0,277.74,313.5,211.12,347.86,279.2814285714286,250.23000000000002,217.2498530877908,148.88091957599198,103.84,796.0,30.043333333333333,36.052,1.0,0.0,760.24
2025-02-05,760.24,24,17,0,24,2,6,2,1,2025,5,0,360.52,103.84,251.78,313.5,359.68571428571425,282.64,255.21,215.03857040518284,150.02190623946905,103.84,796.0,31.676666666666666,44.72,1.0,0.0,394.82
2025-02-06,394.82,12,9,0,12,3,6,2,1,2025,6,0,760.24,272.84,220.92,97.48,453.4571428571429,318.9585714285714,270.10133333333334,227.62712973298278,175.94039162471307,245.42,796.0,32.901666666666664,43.86888888888889,1.0,0.0,508.46
2025-02-07,508.46,16,14,0,16,4,6,2,1,2025,7,0,394.82,389.92,230.72,25.96,470.8828571428571,331.38,280.01266666666663,215.86061658041322,174.24766420901832,245.42,796.0,31.77875,36.318571428571424,1.0,0.0,212.58
2025-02-08,212.58,8,7,0,8,5,6,2,1,2025,8,1,508.46,349.26,97.48,107.28,487.8171428571428,351.2185714285714,296.09600000000006,213.08234008744796,172.24585719656451,245.42,796.0,26.5725,30.368571428571432,1.0,0.0,297.34
2025-02-09,297.34,9,7,0,9,6,6,2,1,2025,9,1,212.58,245.42,47.02,128.34,468.2914285714286,359.44,299.606,233.2070361594729,169.31344750960037,212.58,796.0,33.03777777777778,42.47714285714285,1.0,0.0,662.76
2025-02-10,662.76,21,18,0,21,0,7,2,1,2025,10,0,297.34,796.0,313.5,272.84,475.7085714285714,377.32,305.2393333333333,225.64010779916552,166.2015104693662,212.58,796.0,31.56,36.82,1.0,0.0,432.04
2025-02-11,432.04,14,10,0,14,1,7,2,1,2025,11,0,662.76,360.52,277.74,164.1,456.67428571428576,402.26714285714286,318.2366666666667,198.05144911168432,178.38052221514306,212.58,760.24,30.860000000000003,43.204,1.0,0.0,570.18
2025-02-12,570.18,18,14,0,18,2,7,2,1,2025,12,0,432.04,760.24,103.84,487.4,466.8914285714286,413.2885714285714,327.16799999999995,194.0690299376806,177.10008233024442,212.58,760.24,31.676666666666662,40.72714285714285,1.0,0.0,396.28
2025-02-13,396.28,13,12,0,13,3,7,2,1,2025,13,0,570.18,394.82,272.84,154.3,439.73999999999995,446.59857142857135,329.9273333333333,155.6874402983961,180.29868479129655,212.58,662.76,30.483076923076922,33.02333333333333,1.0,0.0,458.0
2025-02-14,458.0,15,11,0,15,4,7,2,1,2025,14,0,396.28,508.46,389.92,251.78,439.9485714285715,455.4157142857143,337.9933333333334,155.61819467621933,177.5626904219609,212.58,662.76,30.533333333333335,41.63636363636363,1.0,0.0,292.44
2025-02-15,292.44,9,7,0,9,5,7,2,1,2025,15,1,458.0,212.58,349.26,261.58,432.74000000000007,460.27857142857147,344.86733333333336,153.06340124275295,178.10090773904366,212.58,662.76,32.49333333333333,41.777142857142856,1.0,0.0,313.5
2025-02-16,313.5,10,7,0,10,6,7,2,1,2025,16,1,292.44,297.34,245.42,342.9,444.1485714285714,456.21999999999997,345.89599999999996,135.93687547639786,177.69192319758164,292.44,662.76,31.35,44.785714285714285,1.0,0.0,592.7
2025-02-17,592.7,20,17,0,20,0,8,2,1,2025,17,0,313.5,662.76,796.0,328.2,446.45714285714286,461.0828571428571,344.916,133.13651561640094,177.79006220239393,292.44,662.76,29.635,34.86470588235294,1.0,0.0,555.48
2025-02-18,555.48,18,13,0,18,1,8,2,1,2025,18,0,592.7,432.04,360.52,312.04,436.4485714285714,446.5614285714286,353.73266666666666,115.6509385217101,183.40226731071985,292.44,592.7,30.86,42.72923076923077,1.0,0.0,646.6
2025-02-19,646.6,20,18,0,20,2,8,2,1,2025,19,0,555.48,570.18,760.24,138.14,454.0828571428571,460.4871428571428,361.8473333333333,123.97789234567661,186.8471283297059,292.44,592.7,32.33,35.922222222222224,1.0,0.0,581.4399999999999
2025-02-20,581.4399999999999,19,13,0,19,3,8,2,1,2025,20,0,646.6,396.28,394.82,313.5,465.0,452.37,378.796,138.42755168920186,188.90473997083404,292.44,646.6,30.602105263157892,44.72615384615384,1.0,0.0,695.0799999999999
2025-02-21,695.0799999999999,23,16,0,23,4,8,2,1,2025,21,0,581.4399999999999,458.0,508.46,251.78,491.4514285714286,465.7,387.7273333333333,140.77831928586292,192.0194839599098,292.44,646.6,30.220869565217388,43.442499999999995,1.0,0.0,139.6
2025-02-22,139.6,5,5,0,5,5,8,2,1,2025,22,1,695.0799999999999,292.44,212.58,220.92,525.3199999999999,479.03000000000003,402.504,158.75938145508113,198.15584882820838,292.44,695.0799999999999,27.919999999999998,27.919999999999998,1.0,0.0,190.06
2025-02-23,190.06,6,4,0,6,6,8,2,1,2025,23,1,139.6,313.5,297.34,230.72,503.4857142857143,473.81714285714287,399.79333333333335,201.0128184019734,201.25740980718953,139.6,695.0799999999999,31.676666666666666,47.515,1.0,0.0,723.02
2025-02-24,723.02,22,15,0,22,0,9,2,1,2025,24,0,190.06,592.7,662.76,97.48,485.8514285714286,466.1542857142857,398.438,224.4999070102681,202.56790911385445,139.6,695.0799999999999,32.86454545454546,48.20133333333333,1.0,0.0,355.62
2025-02-25,355.62,12,8,0,12,1,9,2,1,2025,25,0,723.02,555.48,432.04,47.02,504.4685714285714,470.4585714285714,419.28933333333333,239.72462586813856,202.7154783899118,139.6,723.02,29.635,44.4525,1.0,0.0,570.18
2025-02-26,570.18,18,14,0,18,2,9,2,1,2025,26,0,355.62,646.6,570.18,313.5,475.9171428571429,465.0,429.57599999999996,244.49090655988854,190.64394076121528,139.6,723.02,31.676666666666662,40.72714285714285,1.0,0.0,610.8399999999999
2025-02-27,610.8399999999999,19,15,0,19,3,9,2,1,2025,27,0,570.18,581.4399999999999,396.28,277.74,465.0,464.99999999999994,438.13199999999995,237.19660649624248,191.0143472928785,139.6,723.02,32.14947368421052,40.72266666666666,1.0,0.0,505.02
2025-02-28,505.02,17,11,0,17,4,9,2,1,2025,28,0,610.8399999999999,695.0799999999999,458.0,103.84,469.19999999999993,480.32571428571424,449.2353333333333,239.84749765910277,191.05080426932074,139.6,723.02,29.70705882352941,45.91090909090909,1.0,0.0,241.98
2025-03-01,241.98,8,7,0,8,5,9,3,1,2025,1,1,505.02,139.6,292.44,272.84,442.0485714285714,483.6842857142857,462.608,219.94765676016124,179.7470474439786,139.6,723.02,30.2475,34.568571428571424,1.0,0.0,185.16
2025-03-02,185.16,6,5,0,6,6,9,3,1,2025,2,1,241.98,190.06,313.5,389.92,456.6742857142857,480.08,461.57933333333335,198.87883437385875,180.9547578041382,190.06,723.02,30.86,37.032,1.0,0.0,737.72
2025-03-03,737.72,22,17,0,22,0,10,3,1,2025,3,0,185.16,723.02,592.7,349.26,455.97428571428566,470.91285714285715,454.754,199.97922582584607,187.49428858611688,185.16,723.02,33.53272727272727,43.39529411764706,1.0,0.0,474.16
2025-03-04,474.16,16,12,0,16,1,10,3,1,2025,4,0,737.72,355.62,555.48,245.42,458.07428571428574,481.2714285714286,467.7026666666667,203.3004790006771,193.2819874393526,185.16,737.72,29.635,39.513333333333335,1.0,0.0,591.24
2025-03-05,591.24,19,15,0,19,2,10,3,1,2025,5,0,474.16,570.18,646.6,796.0,475.0085714285714,475.4628571428571,475.32733333333334,198.2174680688335,188.66755293524918,185.16,737.72,31.117894736842107,39.416000000000004,1.0,0.0,370.32
2025-03-06,370.32,12,9,0,12,3,10,3,1,2025,6,0,591.24,610.8399999999999,581.4399999999999,360.52,478.01714285714286,471.5085714285714,468.50200000000007,200.05406416885452,180.1795227639606,185.16,737.72,30.86,41.14666666666667,1.0,0.0,554.02
2025-03-07,554.02,17,14,0,17,4,10,3,1,2025,7,0,370.32,505.02,695.0799999999999,760.24,443.6571428571429,456.42857142857144,468.82866666666666,194.0026922248147,179.98577949063335,185.16,737.72,32.58941176470588,39.57285714285714,1.0,0.0,232.18
2025-03-08,232.18,8,6,0,8,5,10,3,1,2025,8,1,554.02,241.98,139.6,394.82,450.6571428571429,446.3528571428571,461.95466666666664,197.43936940356193,172.2439114130043,185.16,737.72,29.0225,38.696666666666665,1.0,0.0,241.98
2025-03-09,241.98,8,8,0,8,6,10,3,1,2025,9,1,232.18,185.16,190.06,508.46,449.25714285714287,452.9657142857142,456.53333333333336,199.19262852109475,176.925719253402,185.16,737.72,30.2475,30.2475,1.0,0.0,554.02
2025-03-10,554.02,17,13,0,17,0,11,3,1,2025,10,0,241.98,737.72,723.02,212.58,457.37428571428575,456.6742857142857,447.6506666666666,187.44844472166585,180.87415085582674,232.18,737.72,32.58941176470588,42.61692307692307,1.0,0.0,420.78
2025-03-11,420.78,13,10,0,13,1,11,3,1,2025,11,0,554.02,474.16,355.62,297.34,431.13142857142856,444.6028571428571,459.032,150.96764459408416,176.25593355431684,232.18,591.24,32.36769230769231,42.077999999999996,1.0,0.0,544.22
2025-03-12,544.22,17,14,0,17,2,11,3,1,2025,12,0,420.78,591.24,570.18,662.76,423.5057142857143,449.2571428571428,463.14666666666665,149.77539393562424,173.77447408546075,232.18,591.24,32.01294117647059,38.87285714285714,1.0,0.0,365.42
2025-03-13,365.42,12,12,0,12,3,11,3,1,2025,13,0,544.22,370.32,610.8399999999999,432.04,416.7885714285714,447.40285714285716,459.1953333333333,141.84341124735303,170.39391268739573,232.18,554.02,30.451666666666668,30.451666666666668,1.0,0.0,704.88
2025-03-14,704.88,23,15,0,23,4,11,3,1,2025,14,0,365.42,554.02,505.02,570.18,416.0885714285714,429.8728571428572,456.9746666666667,142.12277080381025,171.19226327453518,232.18,554.02,30.64695652173913,46.992,1.0,0.0,225.82
2025-03-15,225.82,7,7,0,7,5,11,3,1,2025,15,1,704.88,232.18,241.98,396.28,437.64000000000004,444.1485714285714,461.4646666666667,174.31650027081963,175.96372499865592,232.18,704.88,32.26,32.26,1.0,0.0,164.1
2025-03-16,164.1,5,4,0,5,6,11,3,1,2025,16,1,225.82,241.98,185.16,458.0,436.7314285714286,442.9942857142857,455.78266666666667,175.57789149250075,180.82612694449722,225.82,704.88,32.82,41.025,1.0,0.0,401.18
2025-03-17,401.18,13,10,0,13,0,12,3,1,2025,17,0,164.1,554.02,737.72,292.44,425.60571428571427,441.49000000000007,445.986,191.70240920561767,188.500359326467,164.1,704.88,30.86,40.118,1.0,0.0,549.12
2025-03-18,549.12,17,12,0,17,1,12,3,1,2025,18,0,401.18,420.78,474.16,313.5,403.7714285714286,417.45142857142855,449.61066666666665,183.15208465722063,186.48067624645086,164.1,704.88,32.30117647058824,45.76,1.0,0.0,623.56
2025-03-19,623.56,21,18,0,21,2,12,3,1,2025,19,0,549.12,544.22,591.24,592.7,422.1057142857143,422.8057142857143,457.4646666666667,191.37746740034842,185.50970512270496,164.1,704.88,29.69333333333333,34.642222222222216,1.0,0.0,597.6
2025-03-20,597.6,20,17,0,20,3,12,3,1,2025,20,0,623.56,365.42,370.32,555.48,433.44,425.11428571428576,458.4933333333333,201.87647972625896,186.36902490402866,164.1,704.88,29.880000000000003,35.15294117647059,1.0,0.0,636.8
2025-03-21,636.8,20,13,0,20,4,12,3,1,2025,21,0,597.6,704.88,554.02,646.6,466.6085714285714,441.34857142857146,459.89733333333334,207.82419841688076,187.28128435192357,164.1,704.88,31.839999999999996,48.98461538461538,1.0,0.0,365.42
2025-03-22,365.42,12,10,0,12,5,12,3,1,2025,22,1,636.8,225.82,232.18,581.4399999999999,456.8828571428572,447.26142857142855,459.5706666666666,196.07613603855393,186.95265590856064,164.1,636.8,30.451666666666668,36.542,1.0,0.0,204.76
